i,j,x,y,yaw
0,0,-0.00458,0.10685,-0.02007
0,1,-0.00458,0.10685,-0.02007
0,2,-0.00458,0.10685,-0.02007
0,3,-0.00458,0.10685,-0.02007
0,4,-0.00458,0.10685,-0.02007
0,5,-0.00458,0.10685,-0.02007
0,6,-0.00458,0.10685,-0.02007
0,7,-0.00458,0.10685,-0.02007
0,8,-0.00458,0.10685,-0.02007
0,9,-0.00458,0.10685,-0.02007
0,10,-0.00458,0.10685,-0.02007
0,11,-0.00458,0.10685,-0.02007
0,12,-0.00458,0.10685,-0.02007
0,13,-0.00458,0.10685,-0.02007
0,14,-0.00458,0.10685,-0.02007
0,15,-0.00458,0.10685,-0.02007
0,16,-0.00458,0.10685,-0.02007
0,17,-0.00458,0.10685,-0.02007
0,18,-0.00458,0.10685,-0.02007
0,19,-0.00458,0.10685,-0.02007
0,20,-0.00458,0.10685,-0.02007
0,21,-0.00458,0.10685,-0.02007
0,22,-0.00458,0.10685,-0.02007
0,23,-0.00458,0.10685,-0.02007
0,24,-0.00458,0.10685,-0.02007
0,25,-0.00458,0.10685,-0.02007
0,26,-0.00458,0.10685,-0.02007
0,27,-0.00458,0.10685,-0.02007
0,28,-0.00458,0.10685,-0.02007
0,29,-0.00458,0.10685,-0.02007
0,30,-0.00458,0.10685,-0.02007
0,31,-0.00458,0.10685,-0.02007
0,32,-0.00458,0.10685,-0.02007
0,33,-0.00458,0.10685,-0.02007
0,34,-0.00458,0.10685,-0.02007
0,35,-0.00458,0.10685,-0.02007
0,36,-0.00458,0.10685,-0.02007
0,37,-0.00458,0.10685,-0.02007
0,38,-0.00458,0.10685,-0.02007
0,39,-0.00458,0.10685,-0.02007
0,40,-0.00458,0.10685,-0.02007
0,41,-0.00458,0.10685,-0.02007
0,42,-0.00458,0.10685,-0.02007
0,43,-0.00458,0.10685,-0.02007
0,44,-0.00458,0.10685,-0.02007
0,45,-0.00458,0.10685,-0.02007
0,46,-0.00458,0.10685,-0.02007
0,47,-0.00458,0.10685,-0.02007
0,48,-0.00458,0.10685,-0.02007
0,49,-0.00458,0.10685,-0.02007
0,50,-0.00458,0.10685,-0.02007
0,51,-0.00458,0.10685,-0.02007
0,52,-0.00458,0.10685,-0.02007
0,53,-0.00458,0.10685,-0.02007
0,54,-0.00458,0.10685,-0.02007
0,55,-0.00458,0.10685,-0.02007
0,56,-0.00458,0.10685,-0.02007
0,57,-0.00458,0.10685,-0.02007
0,58,-0.00458,0.10685,-0.02007
0,59,-0.00458,0.10685,-0.02007
0,60,-0.00458,0.10685,-0.02007
0,61,-0.00458,0.10685,-0.02007
0,62,-0.00458,0.10685,-0.02007
0,63,-0.00458,0.10685,-0.02007
0,64,-0.00458,0.10685,-0.02007
0,65,-0.00458,0.10685,-0.02007
0,66,-0.00458,0.10685,-0.02007
0,67,-0.00458,0.10685,-0.02007
0,68,-0.00458,0.10685,-0.02007
0,69,-0.00458,0.10685,-0.02007
0,70,-0.00458,0.10685,-0.02007
0,71,-0.00458,0.10685,-0.02007
0,72,-0.00458,0.10685,-0.02007
0,73,-0.00458,0.10685,-0.02007
0,74,-0.00458,0.10685,-0.02007
0,75,-0.00458,0.10685,-0.02007
0,76,-0.00458,0.10685,-0.02007
0,77,-0.00458,0.10685,-0.02007
0,78,-0.00458,0.10685,-0.02007
0,79,-0.00458,0.10685,-0.02007
0,80,-0.00458,0.10685,-0.02007
0,81,-0.00458,0.10685,-0.02007
0,82,-0.00458,0.10685,-0.02007
0,83,-0.00458,0.10685,-0.02007
0,84,-0.00458,0.10685,-0.02007
0,85,-0.00458,0.10685,-0.02007
0,86,-0.00458,0.10685,-0.02007
0,87,-0.00458,0.10685,-0.02007
0,88,-0.00458,0.10685,-0.02007
0,89,-0.00458,0.10685,-0.02007
0,90,-0.00458,0.10685,-0.02007
0,91,-0.00458,0.10685,-0.02007
0,92,-0.00458,0.10685,-0.02007
0,93,-0.00458,0.10685,-0.02007
0,94,-0.00458,0.10685,-0.02007
0,95,-0.00458,0.10685,-0.02007
0,96,-0.00458,0.10685,-0.02007
0,97,-0.00458,0.10685,-0.02007
0,98,-0.00458,0.10685,-0.02007
0,99,-0.00458,0.10685,-0.02007
0,100,-0.00458,0.10685,-0.02007
0,101,-0.00458,0.10685,-0.02007
0,102,-0.00458,0.10685,-0.02007
0,103,-0.00458,0.10685,-0.02007
0,104,-0.00458,0.10685,-0.02007
0,105,-0.00458,0.10685,-0.02007
0,106,-0.00458,0.10685,-0.02007
0,107,-0.00458,0.10685,-0.02007
0,108,-0.00458,0.10685,-0.02007
0,109,-0.00458,0.10685,-0.02007
0,110,-0.00458,0.10685,-0.02007
0,111,-0.00458,0.10685,-0.02007
0,112,-0.00458,0.10685,-0.02007
0,113,-0.00458,0.10685,-0.02007
0,114,-0.00458,0.10685,-0.02007
0,115,-0.00458,0.10685,-0.02007
0,116,-0.00458,0.10685,-0.02007
0,117,-0.00458,0.10685,-0.02007
0,118,-0.00458,0.10685,-0.02007
0,119,-0.00458,0.10685,-0.02007
0,120,-0.00458,0.10685,-0.02007
0,121,-0.00458,0.10685,-0.02007
0,122,-0.00458,0.10685,-0.02007
0,123,-0.00458,0.10685,-0.02007
0,124,-0.00458,0.10685,-0.02007
0,125,-0.00458,0.10685,-0.02007
0,126,-0.00458,0.10685,-0.02007
0,127,-0.00458,0.10685,-0.02007
0,128,-0.00458,0.10685,-0.02007
0,129,-0.00458,0.10685,-0.02007
0,130,-0.00458,0.10685,-0.02007
0,131,-0.00458,0.10685,-0.02007
0,132,-0.00458,0.10685,-0.02007
0,133,-0.00458,0.10685,-0.02007
0,134,-0.00458,0.10685,-0.02007
0,135,-0.00458,0.10685,-0.02007
0,136,-0.00458,0.10685,-0.02007
0,137,-0.00458,0.10685,-0.02007
0,138,-0.00458,0.10685,-0.02007
0,139,-0.00458,0.10685,-0.02007
0,140,-0.00458,0.10685,-0.02007
0,141,-0.00458,0.10685,-0.02007
0,142,-0.00458,0.10685,-0.02007
0,143,-0.00458,0.10685,-0.02007
0,144,-0.00458,0.10685,-0.02007
0,145,-0.00458,0.10685,-0.02007
0,146,-0.00458,0.10685,-0.02007
0,147,-0.00458,0.10685,-0.02007
0,148,-0.00458,0.10685,-0.02007
0,149,-0.00458,0.10685,-0.02007
0,150,-0.00458,0.10685,-0.02007
0,151,-0.00458,0.10685,-0.02007
0,152,-0.00458,0.10685,-0.02007
0,153,-0.00458,0.10685,-0.02007
0,154,-0.00458,0.10685,-0.02007
0,155,-0.00458,0.10685,-0.02007
0,156,-0.00458,0.10685,-0.02007
0,157,-0.00458,0.10685,-0.02007
0,158,-0.0047,0.10698,-0.01877
0,159,-0.0047,0.10698,-0.01877
0,160,-0.0047,0.10698,-0.01877
0,161,-0.0047,0.10698,-0.01877
0,162,-0.0047,0.10698,-0.01877
0,163,-0.0047,0.10698,-0.01877
0,164,-0.0047,0.10698,-0.01877
0,165,-0.0047,0.10698,-0.01877
0,166,-0.0047,0.10698,-0.01877
0,167,-0.0047,0.10698,-0.01877
0,168,-0.0047,0.10698,-0.01877
0,169,-0.0047,0.10698,-0.01877
0,170,-0.0047,0.10698,-0.01877
0,171,-0.0047,0.10698,-0.01877
0,172,-0.0047,0.10698,-0.01877
0,173,-0.00457,0.10686,-0.06431
0,174,-0.00457,0.10686,-0.06431
0,175,-0.00457,0.10686,-0.06431
0,176,-0.00457,0.10686,-0.06431
0,177,-0.00457,0.10686,-0.06431
0,178,-0.00457,0.10686,-0.06431
0,179,-0.00457,0.10686,-0.06431
0,180,-0.00457,0.10686,-0.06431
0,181,-0.00457,0.10686,-0.06431
0,182,-0.00457,0.10686,-0.06431
0,183,-0.00457,0.10686,-0.06431
0,184,-0.00457,0.10686,-0.06431
0,185,-0.00457,0.10686,-0.06431
0,186,-0.00457,0.10686,-0.06431
0,187,-0.00457,0.10686,-0.06431
0,188,-0.00457,0.10686,-0.06431
0,189,-0.00457,0.10686,-0.06431
0,190,-0.00457,0.10686,-0.06431
0,191,-0.00457,0.10686,-0.06431
0,192,-0.00457,0.10686,-0.06431
0,193,-0.00457,0.10686,-0.06431
0,194,-0.00457,0.10686,-0.06431
0,195,-0.0047,0.1064,-0.06555
0,196,-0.0047,0.1064,-0.06555
0,197,-0.0047,0.1064,-0.06555
0,198,-0.00554,0.10599,-0.03677
0,199,-0.00554,0.10599,-0.03677
0,200,-0.00554,0.10599,-0.03677
0,201,-0.00532,0.10629,-0.02892
0,202,-0.00532,0.10629,-0.02892
0,203,-0.00532,0.10629,-0.02892
0,204,-0.00532,0.10629,-0.02892
0,205,-0.00532,0.10629,-0.02892
0,206,-0.00532,0.10629,-0.02892
0,207,-0.00532,0.10629,-0.02892
0,208,-0.00532,0.10629,-0.02892
0,209,-0.00532,0.10629,-0.02892
0,210,-0.00532,0.10629,-0.02892
0,211,-0.0042,0.10685,-0.03387
0,212,-0.0042,0.10685,-0.03387
0,213,-0.0042,0.10685,-0.03387
0,214,-0.0042,0.10685,-0.03387
0,215,-0.0042,0.10685,-0.03387
0,216,-0.0042,0.10685,-0.03387
0,217,-0.0042,0.10685,-0.03387
0,218,-0.0042,0.10685,-0.03387
0,219,-0.0042,0.10685,-0.03387
0,220,-0.0042,0.10685,-0.03387
0,221,-0.0042,0.10685,-0.03387
0,222,-0.0042,0.10685,-0.03387
0,223,-0.0042,0.10685,-0.03387
0,224,-0.0042,0.10685,-0.03387
0,225,-0.0042,0.10685,-0.03387
0,226,-0.0042,0.10685,-0.03387
0,227,-0.0042,0.10685,-0.03387
0,228,-0.0042,0.10685,-0.03387
0,229,-0.0042,0.10685,-0.03387
0,230,-0.0042,0.10685,-0.03387
0,231,-0.0042,0.10685,-0.03387
0,232,-0.0042,0.10685,-0.03387
0,233,-0.0042,0.10685,-0.03387
0,234,-0.0042,0.10685,-0.03387
0,235,-0.0042,0.10685,-0.03387
0,236,-0.00469,0.1063,-0.04676
0,237,-0.00469,0.1063,-0.04676
0,238,-0.00469,0.1063,-0.04676
0,239,-0.00469,0.1063,-0.04676
0,240,-0.00469,0.1063,-0.04676
0,241,-0.00469,0.1063,-0.04676
0,242,-0.00411,0.10688,-0.0619
0,243,-0.00411,0.10688,-0.0619
0,244,-0.00411,0.10688,-0.0619
0,245,-0.00483,0.10642,-0.05373
0,246,-0.00483,0.10642,-0.05373
0,247,-0.00483,0.10642,-0.05373
0,248,-0.00411,0.10688,-0.0619
0,249,-0.00411,0.10688,-0.0619
0,250,-0.00411,0.10688,-0.0619
0,251,-0.00392,0.10717,-0.0555
0,252,-0.00392,0.10717,-0.0555
0,253,-0.00392,0.10717,-0.0555
0,254,-0.00411,0.10688,-0.0619
0,255,-0.00411,0.10688,-0.0619
0,256,-0.00411,0.10688,-0.0619
0,257,-0.00411,0.10688,-0.0619
0,258,-0.00411,0.10688,-0.0619
0,259,-0.00411,0.10688,-0.0619
0,260,-0.00411,0.10688,-0.0619
0,261,-0.0035,0.10687,-0.04281
0,262,-0.0035,0.10687,-0.04281
0,263,-0.0035,0.10687,-0.04281
0,264,-0.0035,0.10687,-0.04281
0,265,-0.0035,0.10687,-0.04281
0,266,-0.0035,0.10687,-0.04281
0,267,-0.0035,0.10687,-0.04281
0,268,-0.0035,0.10687,-0.04281
0,269,-0.0035,0.10687,-0.04281
0,270,-0.00331,0.10689,-0.05067
0,271,-0.00331,0.10689,-0.05067
0,272,-0.00331,0.10689,-0.05067
0,273,-0.00331,0.10689,-0.05067
0,274,-0.00331,0.10689,-0.05067
0,275,-0.00331,0.10689,-0.05067
0,276,-0.00243,0.10726,-0.05036
0,277,-0.00243,0.10726,-0.05036
0,278,-0.00243,0.10726,-0.05036
0,279,-0.00243,0.10726,-0.05036
0,280,-0.00243,0.10726,-0.05036
0,281,-0.00243,0.10726,-0.05036
0,282,-0.00243,0.10726,-0.05036
0,283,-0.00231,0.10761,-0.06506
0,284,-0.00231,0.10761,-0.06506
0,285,-0.00231,0.10761,-0.06506
0,286,-0.00231,0.10761,-0.06506
0,287,-0.00231,0.10761,-0.06506
0,288,-0.00231,0.10761,-0.06506
0,289,-0.00337,0.10688,-0.06198
0,290,-0.00337,0.10688,-0.06198
0,291,-0.00337,0.10688,-0.06198
0,292,-0.00368,0.10661,-0.06843
0,293,-0.00368,0.10661,-0.06843
0,294,-0.00368,0.10661,-0.06843
0,295,-0.00368,0.10661,-0.06843
0,296,-0.00368,0.10661,-0.06843
0,297,-0.00368,0.10661,-0.06843
0,298,-0.00294,0.10671,-0.08827
0,299,-0.00294,0.10671,-0.08827
0,300,-0.00294,0.10671,-0.08827
0,301,-0.00156,0.10761,-0.06507
0,302,-0.00156,0.10761,-0.06507
0,303,-0.00156,0.10761,-0.06507
0,304,-0.00156,0.10761,-0.06507
0,305,-0.00156,0.10761,-0.06507
0,306,-0.00156,0.10761,-0.06507
0,307,-0.00156,0.10761,-0.06507
0,308,-0.00156,0.10761,-0.06507
0,309,-0.00156,0.10761,-0.06507
0,310,-0.00156,0.10761,-0.06507
0,311,-0.00156,0.10761,-0.06507
0,312,-0.00156,0.10761,-0.06507
0,313,-0.00156,0.10761,-0.06507
0,314,-0.00293,0.10661,-0.06852
0,315,-0.00293,0.10661,-0.06852
0,316,-0.00293,0.10661,-0.06852
0,317,-0.00293,0.10661,-0.06852
0,318,-0.00293,0.10661,-0.06852
0,319,-0.00293,0.10661,-0.06852
0,320,-0.00197,0.10728,-0.08057
0,321,-0.00197,0.10728,-0.08057
0,322,-0.00197,0.10728,-0.08057
0,323,-0.00081,0.10761,-0.06507
0,324,-0.00081,0.10761,-0.06507
0,325,-0.00081,0.10761,-0.06507
0,326,-0.00093,0.10752,-0.06425
0,327,-0.00093,0.10752,-0.06425
0,328,-0.00093,0.10752,-0.06425
0,329,-0.00093,0.10752,-0.06425
0,330,-0.00093,0.10752,-0.06425
0,331,-0.00093,0.10752,-0.06425
0,332,-0.00093,0.10752,-0.06425
0,333,-0.00175,0.10718,-0.06432
0,334,-0.00175,0.10718,-0.06432
0,335,-0.00175,0.10718,-0.06432
0,336,-0.00175,0.10718,-0.06432
0,337,-0.00175,0.10718,-0.06432
0,338,-0.00175,0.10718,-0.06432
0,339,-0.00068,0.10756,-0.0721
0,340,-0.00068,0.10756,-0.0721
0,341,-0.00068,0.10756,-0.0721
0,342,-0.00068,0.10756,-0.0721
0,343,-0.00068,0.10756,-0.0721
0,344,-0.00068,0.10756,-0.0721
0,345,-0.00165,0.10717,-0.0836
0,346,-0.00165,0.10717,-0.0836
0,347,-0.00165,0.10717,-0.0836
0,348,-0.00165,0.10717,-0.0836
0,349,-0.00165,0.10717,-0.0836
0,350,-0.00165,0.10717,-0.0836
0,351,-0.00165,0.10717,-0.0836
0,352,-0.00165,0.10717,-0.0836
0,353,-0.00165,0.10717,-0.0836
0,354,-0.00165,0.10717,-0.0836
0,355,-0.00165,0.10717,-0.0836
0,356,-0.00165,0.10717,-0.0836
0,357,-0.00165,0.10717,-0.0836
0,358,-0.00101,0.10717,-0.06439
0,359,-0.00101,0.10717,-0.06439
0,360,-0.00101,0.10717,-0.06439
0,361,-0.00083,0.10719,-0.07228
0,362,-0.00083,0.10719,-0.07228
0,363,-0.00083,0.10719,-0.07228
0,364,-0.00122,0.107,-0.11095
0,365,-0.00122,0.107,-0.11095
0,366,-0.00122,0.107,-0.11095
0,367,0.00017,0.10789,-0.08683
0,368,0.00017,0.10789,-0.08683
0,369,0.00017,0.10789,-0.08683
0,370,0.00017,0.10789,-0.08683
0,371,0.00017,0.10789,-0.08683
0,372,0.00017,0.10789,-0.08683
0,373,0.00017,0.10789,-0.08683
0,374,0.00017,0.10789,-0.08683
0,375,0.00017,0.10789,-0.08683
0,376,-0.00122,0.1069,-0.09022
0,377,-0.00122,0.1069,-0.09022
0,378,-0.00122,0.1069,-0.09022
0,379,-0.00048,0.10701,-0.11144
0,380,-0.00048,0.10701,-0.11144
0,381,-0.00048,0.10701,-0.11144
0,382,-0.00048,0.10701,-0.11144
0,383,-0.00048,0.10701,-0.11144
0,384,-0.00048,0.10701,-0.11144
0,385,-0.00048,0.10701,-0.11144
0,386,0.00095,0.10808,-0.09829
0,387,0.00095,0.10808,-0.09829
0,388,0.00095,0.10808,-0.09829
0,389,0.00095,0.10808,-0.09829
0,390,0.00095,0.10808,-0.09829
0,391,0.00095,0.10808,-0.09829
0,392,5e-05,0.10747,-0.07712
0,393,5e-05,0.10747,-0.07712
0,394,5e-05,0.10747,-0.07712
0,395,0.00045,0.10749,-0.11188
0,396,0.00045,0.10749,-0.11188
0,397,0.00045,0.10749,-0.11188
0,398,0.00027,0.10701,-0.11193
0,399,0.00027,0.10701,-0.11193
0,400,0.00027,0.10701,-0.11193
0,401,0.0017,0.10808,-0.09889
0,402,0.0017,0.10808,-0.09889
0,403,0.0017,0.10808,-0.09889
0,404,0.00161,0.10788,-0.11764
0,405,0.00161,0.10788,-0.11764
0,406,0.00161,0.10788,-0.11764
0,407,0.00161,0.10788,-0.11764
0,408,0.00221,0.10837,-0.06508
0,409,0.00221,0.10837,-0.06508
0,410,0.00221,0.10837,-0.06508
0,411,0.0008,0.10738,-0.06893
0,412,0.0008,0.10738,-0.06893
0,413,0.0008,0.10738,-0.06893
0,414,0.00189,0.10763,-0.05086
0,415,0.00189,0.10763,-0.05086
0,416,0.00189,0.10763,-0.05086
0,417,0.00296,0.10837,-0.06508
0,418,0.00296,0.10837,-0.06508
0,419,0.00296,0.10837,-0.06508
0,420,0.00296,0.10837,-0.06508
0,421,0.00296,0.10837,-0.06508
0,422,0.00296,0.10837,-0.06508
0,423,0.00298,0.10854,-0.07868
0,424,0.00298,0.10854,-0.07868
0,425,0.00298,0.10854,-0.07868
0,426,0.00263,0.10763,-0.05088
0,427,0.00263,0.10763,-0.05088
0,428,0.00263,0.10763,-0.05088
0,429,0.00228,0.10747,-0.09193
0,430,0.00228,0.10747,-0.09193
0,431,0.00228,0.10747,-0.09193
0,432,0.00228,0.10747,-0.09193
0,433,0.00228,0.10747,-0.09193
0,434,0.00228,0.10747,-0.09193
0,435,0.00228,0.10747,-0.09193
0,436,0.00228,0.10747,-0.09193
0,437,0.00228,0.10747,-0.09193
0,438,0.00228,0.10747,-0.09193
0,439,0.00373,0.10854,-0.07932
0,440,0.00373,0.10854,-0.07932
0,441,0.00373,0.10854,-0.07932
0,442,0.00373,0.10854,-0.07932
0,443,0.00373,0.10854,-0.07932
0,444,0.00373,0.10854,-0.07932
0,445,0.00302,0.10747,-0.09242
0,446,0.00302,0.10747,-0.09242
0,447,0.00302,0.10747,-0.09242
0,448,0.00302,0.10747,-0.09242
0,449,0.00302,0.10747,-0.09242
0,450,0.00302,0.10747,-0.09242
0,451,0.00315,0.10777,-0.08289
0,452,0.00315,0.10777,-0.08289
0,453,0.00315,0.10777,-0.08289
0,454,0.00315,0.10777,-0.08289
0,455,0.00315,0.10777,-0.08289
0,456,0.00315,0.10777,-0.08289
0,457,0.00315,0.10777,-0.08289
0,458,0.00448,0.10854,-0.07998
0,459,0.00448,0.10854,-0.07998
0,460,0.00448,0.10854,-0.07998
0,461,0.00448,0.10854,-0.07998
0,462,0.00448,0.10854,-0.07998
0,463,0.00448,0.10854,-0.07998
0,464,0.00377,0.10747,-0.09292
0,465,0.00377,0.10747,-0.09292
0,466,0.00377,0.10747,-0.09292
0,467,0.00389,0.10777,-0.0834
0,468,0.00389,0.10777,-0.0834
0,469,0.00389,0.10777,-0.0834
0,470,0.00389,0.10777,-0.0834
0,471,0.00389,0.10777,-0.0834
0,472,0.00389,0.10777,-0.0834
0,473,0.00523,0.10853,-0.08063
0,474,0.00523,0.10853,-0.08063
0,475,0.00523,0.10853,-0.08063
0,476,0.00409,0.108,-0.05366
0,477,0.00409,0.108,-0.05366
0,478,0.00409,0.108,-0.05366
0,479,0.00465,0.10835,-0.04341
0,480,0.00465,0.10835,-0.04341
0,481,0.00465,0.10835,-0.04341
0,482,0.00465,0.10835,-0.04341
0,483,0.00506,0.10818,-0.04832
0,484,0.00506,0.10818,-0.04832
0,485,0.00506,0.10818,-0.04832
0,486,0.00482,0.108,-0.0537
0,487,0.00482,0.108,-0.0537
0,488,0.00482,0.108,-0.0537
0,489,0.00647,0.10881,-0.04329
0,490,0.00647,0.10881,-0.04329
0,491,0.00647,0.10881,-0.04329
0,492,0.00647,0.10881,-0.04329
0,493,0.00647,0.10881,-0.04329
0,494,0.00647,0.10881,-0.04329
0,495,0.00647,0.10881,-0.04329
0,496,0.00647,0.10881,-0.04329
0,497,0.00647,0.10881,-0.04329
0,498,0.00606,0.1083,-0.05931
0,499,0.00606,0.1083,-0.05931
0,500,0.00606,0.1083,-0.05931
0,501,0.00658,0.10877,-0.05117
0,502,0.00658,0.10877,-0.05117
0,503,0.00658,0.10877,-0.05117
0,504,0.0072,0.10895,-0.0607
0,505,0.0072,0.10895,-0.0607
0,506,0.0072,0.10895,-0.0607
0,507,0.0072,0.10895,-0.0607
0,508,0.0072,0.10895,-0.0607
0,509,0.0072,0.10895,-0.0607
0,510,0.0072,0.10895,-0.0607
0,511,0.0072,0.10895,-0.0607
0,512,0.0072,0.10895,-0.0607
0,513,0.0072,0.10895,-0.0607
0,514,0.0066,0.1086,-0.03031
0,515,0.0066,0.1086,-0.03031
0,516,0.0066,0.1086,-0.03031
0,517,0.00733,0.10877,-0.05119
0,518,0.00733,0.10877,-0.05119
0,519,0.00733,0.10877,-0.05119
0,520,0.0064,0.10821,-0.05353
0,521,0.0064,0.10821,-0.05353
0,522,0.0064,0.10821,-0.05353
0,523,0.00677,0.10843,-0.03244
0,524,0.00677,0.10843,-0.03244
0,525,0.00677,0.10843,-0.03244
0,526,0.00677,0.10843,-0.03244
0,527,0.00677,0.10843,-0.03244
0,528,0.00677,0.10843,-0.03244
0,529,0.00677,0.10843,-0.03244
0,530,0.00677,0.10843,-0.03244
0,531,0.00677,0.10843,-0.03244
0,532,0.00677,0.10843,-0.03244
0,533,0.00677,0.10843,-0.03244
0,534,0.00677,0.10843,-0.03244
0,535,0.00677,0.10843,-0.03244
0,536,0.00709,0.10837,-0.05104
0,537,0.00709,0.10837,-0.05104
0,538,0.00709,0.10837,-0.05104
0,539,0.00709,0.10837,-0.05104
0,540,0.00709,0.10837,-0.05104
0,541,0.00709,0.10837,-0.05104
0,542,0.00729,0.10869,-0.0556
0,543,0.00729,0.10869,-0.0556
0,544,0.00729,0.10869,-0.0556
0,545,0.00751,0.10842,-0.03248
0,546,0.00751,0.10842,-0.03248
0,547,0.00751,0.10842,-0.03248
0,548,0.00751,0.10842,-0.03248
0,549,0.00751,0.10842,-0.03248
0,550,0.00751,0.10842,-0.03248
0,551,0.00751,0.10842,-0.03248
0,552,0.00751,0.10842,-0.03248
0,553,0.00751,0.10842,-0.03248
0,554,0.00784,0.10837,-0.05106
0,555,0.00784,0.10837,-0.05106
0,556,0.00784,0.10837,-0.05106
0,557,0.00784,0.10837,-0.05106
0,558,0.00784,0.10837,-0.05106
0,559,0.00784,0.10837,-0.05106
0,560,0.00784,0.10837,-0.05106
0,561,0.00901,0.10929,-0.084
0,562,0.00901,0.10929,-0.084
0,563,0.00901,0.10929,-0.084
0,564,0.00825,0.10842,-0.03253
0,565,0.00825,0.10842,-0.03253
0,566,0.00825,0.10842,-0.03253
0,567,0.00825,0.10842,-0.03253
0,568,0.00825,0.10842,-0.03253
0,569,0.00825,0.10842,-0.03253
0,570,0.00825,0.10842,-0.03253
0,571,0.00825,0.10842,-0.03253
0,572,0.00825,0.10842,-0.03253
0,573,0.00836,0.10852,-0.08684
0,574,0.00836,0.10852,-0.08684
0,575,0.00836,0.10852,-0.08684
0,576,0.00927,0.10862,-0.02748
0,577,0.00927,0.10862,-0.02748
0,578,0.00927,0.10862,-0.02748
0,579,0.01004,0.1092,-0.0297
0,580,0.01004,0.1092,-0.0297
0,581,0.01004,0.1092,-0.0297
0,582,0.01004,0.1092,-0.0297
0,583,0.01004,0.1092,-0.0297
0,584,0.01004,0.1092,-0.0297
0,585,0.01004,0.1092,-0.0297
0,586,0.00905,0.10884,-0.04157
0,587,0.00905,0.10884,-0.04157
0,588,0.00905,0.10884,-0.04157
0,589,0.0088,0.10862,-0.04818
0,590,0.0088,0.10862,-0.04818
0,591,0.0088,0.10862,-0.04818
0,592,0.01097,0.1097,-0.06398
0,593,0.01097,0.1097,-0.06398
0,594,0.01097,0.1097,-0.06398
0,595,0.01097,0.1097,-0.06398
0,596,0.01097,0.1097,-0.06398
0,597,0.01097,0.1097,-0.06398
0,598,0.01002,0.10913,-0.03399
0,599,0.01002,0.10913,-0.03399
0,600,0.01002,0.10913,-0.03399
0,601,0.01002,0.10913,-0.03399
0,602,0.01002,0.10913,-0.03399
0,603,0.01002,0.10913,-0.03399
0,604,0.01002,0.10913,-0.03399
0,605,0.01002,0.10913,-0.03399
0,606,0.01002,0.10913,-0.03399
0,607,0.01032,0.10895,-0.06653
0,608,0.01032,0.10895,-0.06653
0,609,0.01032,0.10895,-0.06653
0,610,0.01172,0.1097,-0.06461
0,611,0.01172,0.1097,-0.06461
0,612,0.01172,0.1097,-0.06461
0,613,0.01172,0.1097,-0.06461
0,614,0.01172,0.1097,-0.06461
0,615,0.01172,0.1097,-0.06461
0,616,0.01172,0.1097,-0.06461
0,617,0.01172,0.1097,-0.06461
0,618,0.01172,0.1097,-0.06461
0,619,0.01172,0.1097,-0.06461
0,620,0.01172,0.1097,-0.06461
0,621,0.01172,0.1097,-0.06461
0,622,0.01172,0.1097,-0.06461
0,623,0.01077,0.10913,-0.034
0,624,0.01077,0.10913,-0.034
0,625,0.01077,0.10913,-0.034
0,626,0.01107,0.10895,-0.06706
0,627,0.01107,0.10895,-0.06706
0,628,0.01107,0.10895,-0.06706
0,629,0.01247,0.1097,-0.06524
0,630,0.01247,0.1097,-0.06524
0,631,0.01247,0.1097,-0.06524
0,632,0.01247,0.1097,-0.06524
0,633,0.01247,0.1097,-0.06524
0,634,0.01247,0.1097,-0.06524
0,635,0.01247,0.1097,-0.06524
0,636,0.01247,0.1097,-0.06524
0,637,0.01247,0.1097,-0.06524
0,638,0.01247,0.1097,-0.06524
0,639,0.01247,0.1097,-0.06524
0,640,0.01247,0.1097,-0.06524
0,641,0.01247,0.1097,-0.06524
0,642,0.01247,0.1097,-0.06524
0,643,0.01247,0.1097,-0.06524
0,644,0.01247,0.1097,-0.06524
0,645,0.01087,0.10874,-0.056
0,646,0.01087,0.10874,-0.056
0,647,0.01087,0.10874,-0.056
0,648,0.01181,0.10895,-0.06759
0,649,0.01181,0.10895,-0.06759
0,650,0.01181,0.10895,-0.06759
0,651,0.01195,0.10916,-0.03273
0,652,0.01195,0.10916,-0.03273
0,653,0.01195,0.10916,-0.03273
0,654,0.01322,0.10969,-0.06587
0,655,0.01322,0.10969,-0.06587
0,656,0.01322,0.10969,-0.06587
0,657,0.01195,0.10916,-0.03273
0,658,0.01195,0.10916,-0.03273
0,659,0.01195,0.10916,-0.03273
0,660,0.01195,0.10916,-0.03273
0,661,0.01195,0.10916,-0.03273
0,662,0.01195,0.10916,-0.03273
0,663,0.01123,0.10893,-0.04532
0,664,0.01123,0.10893,-0.04532
0,665,0.01123,0.10893,-0.04532
0,666,0.01269,0.10915,-0.03277
0,667,0.01269,0.10915,-0.03277
0,668,0.01269,0.10915,-0.03277
0,669,0.01269,0.10915,-0.03277
0,670,0.01269,0.10915,-0.03277
0,671,0.01269,0.10915,-0.03277
0,672,0.01269,0.10915,-0.03277
0,673,0.01269,0.10915,-0.03277
0,674,0.01269,0.10915,-0.03277
0,675,0.01269,0.10915,-0.03277
0,676,0.01279,0.1091,-0.02411
0,677,0.01279,0.1091,-0.02411
0,678,0.01279,0.1091,-0.02411
0,679,0.01455,0.10995,-0.02987
0,680,0.01455,0.10995,-0.02987
0,681,0.01455,0.10995,-0.02987
0,682,0.01302,0.10907,-0.02695
0,683,0.01302,0.10907,-0.02695
0,684,0.01302,0.10907,-0.02695
0,685,0.01302,0.10907,-0.02695
0,686,0.01302,0.10907,-0.02695
0,687,0.01302,0.10907,-0.02695
0,688,0.01302,0.10907,-0.02695
0,689,0.01302,0.10907,-0.02695
0,690,0.01302,0.10907,-0.02695
0,691,0.01357,0.10939,-0.03224
0,692,0.01357,0.10939,-0.03224
0,693,0.01357,0.10939,-0.03224
0,694,0.01357,0.10939,-0.03224
0,695,0.01376,0.10988,-0.03401
0,696,0.01376,0.10988,-0.03401
0,697,0.01376,0.10988,-0.03401
0,698,0.01386,0.10956,-0.01143
0,699,0.01386,0.10956,-0.01143
0,700,0.01386,0.10956,-0.01143
0,701,0.01451,0.10988,-0.03401
0,702,0.01451,0.10988,-0.03401
0,703,0.01451,0.10988,-0.03401
0,704,0.01451,0.10988,-0.03401
0,705,0.01451,0.10988,-0.03401
0,706,0.01451,0.10988,-0.03401
0,707,0.01459,0.10955,-0.01147
0,708,0.01459,0.10955,-0.01147
0,709,0.01459,0.10955,-0.01147
0,710,0.01459,0.10955,-0.01147
0,711,0.01459,0.10955,-0.01147
0,712,0.01459,0.10955,-0.01147
0,713,0.01459,0.10955,-0.01147
0,714,0.01459,0.10955,-0.01147
0,715,0.01459,0.10955,-0.01147
0,716,0.01459,0.10955,-0.01147
0,717,0.01459,0.10955,-0.01147
0,718,0.01459,0.10955,-0.01147
0,719,0.01459,0.10955,-0.01147
0,720,0.01379,0.10883,-0.02986
0,721,0.01379,0.10883,-0.02986
0,722,0.01379,0.10883,-0.02986
0,723,0.01511,0.10957,-0.02306
0,724,0.01511,0.10957,-0.02306
0,725,0.01511,0.10957,-0.02306
0,726,0.01511,0.10957,-0.02306
0,727,0.01511,0.10957,-0.02306
0,728,0.01511,0.10957,-0.02306
0,729,0.01511,0.10957,-0.02306
0,730,0.01511,0.10957,-0.02306
0,731,0.01511,0.10957,-0.02306
0,732,0.01511,0.10957,-0.02306
0,733,0.01511,0.10957,-0.02306
0,734,0.01511,0.10957,-0.02306
0,735,0.01526,0.10988,-0.03402
0,736,0.01526,0.10988,-0.03402
0,737,0.01526,0.10988,-0.03402
0,738,0.01533,0.10955,-0.01152
0,739,0.01533,0.10955,-0.01152
0,740,0.01533,0.10955,-0.01152
0,741,0.01533,0.10955,-0.01152
0,742,0.01533,0.10955,-0.01152
0,743,0.01533,0.10955,-0.01152
0,744,0.01533,0.10955,-0.01152
0,745,0.01533,0.10955,-0.01152
0,746,0.01533,0.10955,-0.01152
0,747,0.01533,0.10955,-0.01152
0,748,0.01574,0.10953,-0.02977
0,749,0.01574,0.10953,-0.02977
0,750,0.01574,0.10953,-0.02977
0,751,0.01574,0.10953,-0.02977
0,752,0.01574,0.10953,-0.02977
0,753,0.01574,0.10953,-0.02977
0,754,0.01554,0.1097,-0.07073
0,755,0.01554,0.1097,-0.07073
0,756,0.01554,0.1097,-0.07073
0,757,0.01554,0.1097,-0.07073
0,758,0.01554,0.1097,-0.07073
0,759,0.01554,0.1097,-0.07073
0,760,0.01698,0.11044,-0.06932
0,761,0.01698,0.11044,-0.06932
0,762,0.01698,0.11044,-0.06932
0,763,0.01698,0.11044,-0.06932
0,764,0.01698,0.11044,-0.06932
0,765,0.01698,0.11044,-0.06932
0,766,0.016,0.10988,-0.03402
0,767,0.016,0.10988,-0.03402
0,768,0.016,0.10988,-0.03402
0,769,0.016,0.10988,-0.03402
0,770,0.016,0.10988,-0.03402
0,771,0.016,0.10988,-0.03402
0,772,0.016,0.10988,-0.03402
0,773,0.01591,0.11006,-0.0427
0,774,0.01591,0.11006,-0.0427
0,775,0.01591,0.11006,-0.0427
0,776,0.01622,0.10944,-0.08083
0,777,0.01622,0.10944,-0.08083
0,778,0.01622,0.10944,-0.08083
0,779,0.01629,0.1097,-0.07129
0,780,0.01629,0.1097,-0.07129
0,781,0.01629,0.1097,-0.07129
0,782,0.01629,0.1097,-0.07129
0,783,0.01629,0.1097,-0.07129
0,784,0.01629,0.1097,-0.07129
0,785,0.01773,0.11043,-0.06997
0,786,0.01773,0.11043,-0.06997
0,787,0.01773,0.11043,-0.06997
0,788,0.01773,0.11043,-0.06997
0,789,0.01773,0.11043,-0.06997
0,790,0.01773,0.11043,-0.06997
0,791,0.01773,0.11043,-0.06997
0,792,0.01773,0.11043,-0.06997
0,793,0.01773,0.11043,-0.06997
0,794,0.01773,0.11043,-0.06997
0,795,0.01773,0.11043,-0.06997
0,796,0.01773,0.11043,-0.06997
0,797,0.01773,0.11043,-0.06997
0,798,0.01675,0.10988,-0.03403
0,799,0.01675,0.10988,-0.03403
0,800,0.01675,0.10988,-0.03403
0,801,0.01658,0.10981,-0.03567
0,802,0.01658,0.10981,-0.03567
0,803,0.01658,0.10981,-0.03567
0,804,0.01713,0.10989,-0.03301
0,805,0.01713,0.10989,-0.03301
0,806,0.01713,0.10989,-0.03301
0,807,0.01713,0.10989,-0.03301
0,808,0.01713,0.10989,-0.03301
0,809,0.01713,0.10989,-0.03301
0,810,0.01713,0.10989,-0.03301
0,811,0.01713,0.10989,-0.03301
0,812,0.01713,0.10989,-0.03301
0,813,0.01713,0.10989,-0.03301
0,814,0.01713,0.10989,-0.03301
0,815,0.01713,0.10989,-0.03301
0,816,0.01713,0.10989,-0.03301
0,817,0.01713,0.10989,-0.03301
0,818,0.01713,0.10989,-0.03301
0,819,0.01713,0.10989,-0.03301
0,820,0.01728,0.11035,-0.04223
0,821,0.01728,0.11035,-0.04223
0,822,0.01728,0.11035,-0.04223
0,823,0.0177,0.11022,-0.02295
0,824,0.0177,0.11022,-0.02295
0,825,0.0177,0.11022,-0.02295
0,826,0.01798,0.11028,-0.02985
0,827,0.01798,0.11028,-0.02985
0,828,0.01798,0.11028,-0.02985
0,829,0.01905,0.1107,-0.03
0,830,0.01905,0.1107,-0.03
0,831,0.01905,0.1107,-0.03
0,832,0.01805,0.11014,-0.03234
0,833,0.01805,0.11014,-0.03234
0,834,0.01805,0.11014,-0.03234
0,835,0.01809,0.11031,-0.02285
0,836,0.01809,0.11031,-0.02285
0,837,0.01809,0.11031,-0.02285
0,838,0.01805,0.11014,-0.03234
0,839,0.01805,0.11014,-0.03234
0,840,0.01805,0.11014,-0.03234
0,841,0.01805,0.11014,-0.03234
0,842,0.01805,0.11014,-0.03234
0,843,0.01805,0.11014,-0.03234
0,844,0.01805,0.11014,-0.03234
0,845,0.01805,0.11014,-0.03234
0,846,0.01805,0.11014,-0.03234
0,847,0.01805,0.11014,-0.03234
0,848,0.0183,0.11029,-0.01166
0,849,0.0183,0.11029,-0.01166
0,850,0.0183,0.11029,-0.01166
0,851,0.0185,0.11022,-0.01439
0,852,0.0185,0.11022,-0.01439
0,853,0.0185,0.11022,-0.01439
0,854,0.0188,0.11014,-0.03236
0,855,0.0188,0.11014,-0.03236
0,856,0.0188,0.11014,-0.03236
0,857,0.0188,0.11014,-0.03236
0,858,0.0188,0.11014,-0.03236
0,859,0.0188,0.11014,-0.03236
0,860,0.01883,0.11031,-0.02279
0,861,0.01883,0.11031,-0.02279
0,862,0.01883,0.11031,-0.02279
0,863,0.01903,0.11029,-0.01171
0,864,0.01903,0.11029,-0.01171
0,865,0.01903,0.11029,-0.01171
0,866,0.01903,0.11029,-0.01171
0,867,0.01903,0.11029,-0.01171
0,868,0.01903,0.11029,-0.01171
0,869,0.01903,0.11029,-0.01171
0,870,0.01903,0.11029,-0.01171
0,871,0.01903,0.11029,-0.01171
0,872,0.01903,0.11029,-0.01171
0,873,0.01903,0.11029,-0.01171
0,874,0.01903,0.11029,-0.01171
0,875,0.01903,0.11029,-0.01171
0,876,0.01903,0.11029,-0.01171
0,877,0.01903,0.11029,-0.01171
0,878,0.01903,0.11029,-0.01171
0,879,0.01903,0.11029,-0.01171
0,880,0.01903,0.11029,-0.01171
0,881,0.01903,0.11029,-0.01171
0,882,0.01903,0.11029,-0.01171
0,883,0.01903,0.11029,-0.01171
0,884,0.01903,0.11029,-0.01171
0,885,0.01903,0.11029,-0.01171
0,886,0.01903,0.11029,-0.01171
0,887,0.01903,0.11029,-0.01171
0,888,0.01903,0.11029,-0.01171
0,889,0.01903,0.11029,-0.01171
0,890,0.01903,0.11029,-0.01171
0,891,0.01903,0.11029,-0.01171
0,892,0.01903,0.11029,-0.01171
0,893,0.01903,0.11029,-0.01171
0,894,0.01903,0.11029,-0.01171
0,895,0.01903,0.11029,-0.01171
0,896,0.01903,0.11029,-0.01171
0,897,0.01903,0.11029,-0.01171
0,898,0.01903,0.11029,-0.01171
0,899,0.01903,0.11029,-0.01171
0,900,0.01903,0.11029,-0.01171
0,901,0.01823,0.10958,-0.03018
0,902,0.01823,0.10958,-0.03018
0,903,0.01823,0.10958,-0.03018
0,904,0.01957,0.11031,-0.02273
0,905,0.01957,0.11031,-0.02273
0,906,0.01957,0.11031,-0.02273
0,907,0.01975,0.11064,-0.03404
0,908,0.01975,0.11064,-0.03404
0,909,0.01975,0.11064,-0.03404
0,910,0.01977,0.11029,-0.01175
0,911,0.01977,0.11029,-0.01175
0,912,0.01977,0.11029,-0.01175
0,913,0.01977,0.11029,-0.01175
0,914,0.01977,0.11029,-0.01175
0,915,0.01977,0.11029,-0.01175
0,916,0.01977,0.11029,-0.01175
0,917,0.01977,0.11029,-0.01175
0,918,0.01977,0.11029,-0.01175
0,919,0.01977,0.11029,-0.01175
0,920,0.01977,0.11029,-0.01175
0,921,0.01977,0.11029,-0.01175
0,922,0.01977,0.11029,-0.01175
0,923,0.01977,0.11029,-0.01175
0,924,0.01977,0.11029,-0.01175
0,925,0.01977,0.11029,-0.01175
0,926,0.01977,0.11029,-0.01175
0,927,0.01977,0.11029,-0.01175
0,928,0.01977,0.11029,-0.01175
0,929,0.01977,0.11029,-0.01175
0,930,0.01977,0.11029,-0.01175
0,931,0.01977,0.11029,-0.01175
0,932,0.01977,0.11029,-0.01175
0,933,0.01977,0.11029,-0.01175
0,934,0.01977,0.11029,-0.01175
0,935,0.01977,0.11029,-0.01175
0,936,0.01977,0.11029,-0.01175
0,937,0.01977,0.11029,-0.01175
0,938,0.01977,0.11029,-0.01175
0,939,0.01977,0.11029,-0.01175
0,940,0.01977,0.11029,-0.01175
0,941,0.01977,0.11029,-0.01175
0,942,0.01977,0.11029,-0.01175
0,943,0.01977,0.11029,-0.01175
0,944,0.01977,0.11029,-0.01175
0,945,0.01977,0.11029,-0.01175
0,946,0.01977,0.11029,-0.01175
0,947,0.01977,0.11029,-0.01175
0,948,0.01977,0.11029,-0.01175
0,949,0.01977,0.11029,-0.01175
0,950,0.01977,0.11029,-0.01175
0,951,0.01977,0.11029,-0.01175
0,952,0.01977,0.11029,-0.01175
0,953,0.01977,0.11029,-0.01175
0,954,0.02021,0.11027,-0.02992
0,955,0.02021,0.11027,-0.02992
0,956,0.02021,0.11027,-0.02992
0,957,0.02021,0.11027,-0.02992
0,958,0.02021,0.11027,-0.02992
0,959,0.02021,0.11027,-0.02992
0,960,0.02021,0.11041,-0.01927
0,961,0.02021,0.11041,-0.01927
0,962,0.02021,0.11041,-0.01927
0,963,0.02002,0.11045,-0.07461
0,964,0.02002,0.11045,-0.07461
0,965,0.02002,0.11045,-0.07461
0,966,0.01913,0.11005,-0.03089
0,967,0.01913,0.11005,-0.03089
0,968,0.01913,0.11005,-0.03089
0,969,0.02002,0.11045,-0.07461
0,970,0.02002,0.11045,-0.07461
0,971,0.02002,0.11045,-0.07461
0,972,0.02002,0.11045,-0.07461
0,973,0.02002,0.11045,-0.07461
0,974,0.02002,0.11045,-0.07461
0,975,0.02002,0.11045,-0.07461
0,976,0.02002,0.11045,-0.07461
0,977,0.02002,0.11045,-0.07461
0,978,0.01913,0.11005,-0.03089
0,979,0.01913,0.11005,-0.03089
0,980,0.01913,0.11005,-0.03089
0,981,0.01913,0.11005,-0.03089
0,982,0.01913,0.11005,-0.03089
0,983,0.01913,0.11005,-0.03089
0,984,0.01913,0.11005,-0.03089
0,985,0.02002,0.11045,-0.07461
0,986,0.02002,0.11045,-0.07461
0,987,0.02002,0.11045,-0.07461
0,988,0.02002,0.11045,-0.07461
0,989,0.02002,0.11045,-0.07461
0,990,0.02002,0.11045,-0.07461
0,991,0.02051,0.11028,-0.0118
0,992,0.02051,0.11028,-0.0118
0,993,0.02051,0.11028,-0.0118
0,994,0.02051,0.11028,-0.0118
0,995,0.02051,0.11028,-0.0118
0,996,0.02051,0.11028,-0.0118
0,997,0.02051,0.11028,-0.0118
0,998,0.02051,0.11028,-0.0118
0,999,0.02051,0.11028,-0.0118
