i,j,goalCurrent
0,0,"[39.514937521951275, -2.741240118116067, -108.13398275205789, -2.3012158918161396]"
0,1,"[39.44313914711801, -2.7788810984918344, -108.13790449646018, -2.30119573032931]"
0,2,"[39.68677753303998, -2.7332164825613967, -107.84521496102298, -2.212932181431128]"
0,3,"[39.537452617176335, -2.740188832577734, -107.98315348726284, -2.212103828973666]"
0,4,"[39.52567997262206, -2.740738526498374, -107.99402843891019, -2.2120385223971253]"
0,5,"[39.65441521727205, -2.7347275592063642, -107.87510957115498, -2.2127526574472003]"
0,6,"[39.625507861577624, -2.7705002737162987, -107.83921437335079, -2.212968216335081]"
0,7,"[39.62760500513972, -2.7704038986731607, -107.83727493913275, -2.2129798630819644]"
0,8,"[43.617238807622996, -2.54969351471941, -104.21446096043874, -2.234735691159749]"
0,9,"[50.642394254852285, -2.264215000457601, -97.65081962851339, -2.2741518613582214]"
0,10,"[56.89688699747344, -1.976787368524722, -91.86667711167259, -2.3088869625568638]"
0,11,"[59.31248922320783, -1.816843414931342, -89.71601173132083, -2.3218022009717947]"
0,12,"[64.4656204545635, -1.5762309597538122, -84.95581934505566, -2.3503882470072295]"
0,13,"[70.27806302864168, -1.3048336256790445, -79.586589716597, -2.3826317012375244]"
0,14,"[72.94691996833798, -1.180218087679447, -77.12123963836291, -2.397436693370449]"
0,15,"[78.64795818614606, -0.9140224988108793, -71.85491951185656, -2.4290621524607197]"
0,16,"[82.19733728989046, -0.8140953943491563, -68.46887072613708, -2.449396151302046]"
0,17,"[82.8664098615176, -0.7833479056609784, -67.85011373533774, -2.453111928814479]"
0,18,"[85.83867920218883, -0.5782699319755997, -65.2125085396604, -2.468951352398384]"
0,19,"[86.0420438162025, -0.5687743346625876, -65.02465097426924, -2.4700794801244546]"
0,20,"[87.05364676889124, -0.5215400883018086, -64.09018521799051, -2.4756911611154577]"
0,21,"[87.39593373126368, -0.5751918851426845, -63.66121902010237, -2.4782672014275797]"
0,22,"[87.53584397774907, -0.5687622556770687, -63.53183030089849, -2.4790442103346777]"
0,23,"[88.44825399238442, -0.4564224243053616, -62.801920202205885, -2.483427487729759]"
0,24,"[86.45168363243354, -0.5496472374673748, -64.64624719474408, -2.4723518815283767]"
0,25,"[85.96497267634064, -0.6409522536217973, -64.98456897322025, -2.470320181725189]"
0,26,"[86.3010405245786, -0.6255081257344036, -64.67377409191997, -2.4721865762032906]"
0,27,"[85.51045996597628, -0.5935953007108371, -65.51570025729761, -2.467130616660276]"
0,28,"[83.44886639441668, -0.7565808905177397, -67.31145908582553, -2.45634667341274]"
0,29,"[82.75270738313834, -0.7223615963741912, -68.06316746871865, -2.4518324923261505]"
0,30,"[81.04074632918149, -0.8022972964111771, -69.6445873101233, -2.44233570381017]"
0,31,"[80.9066200835414, -0.8085599828863125, -69.76848610187332, -2.4415916631753998]"
0,32,"[80.7947539137445, -0.8137832913094237, -69.87182220294285, -2.440971106209926]"
0,33,"[78.97140136336077, -0.9623445269784217, -71.45220989001383, -2.4314805160172277]"
0,34,"[77.91983709838885, -1.0106695693030292, -72.42469444224076, -2.4256405234448852]"
0,35,"[77.45025322020624, -1.0322494779629467, -72.85896468393595, -2.423032631134327]"
0,36,"[77.75943198536115, -1.0180410482837783, -72.57303677348368, -2.424749693754441]"
0,37,"[76.74870307755072, -1.0644894859833491, -73.50775686818096, -2.419136485402955]"
0,38,"[75.86724482554355, -1.0438608900337454, -74.4235966856462, -2.413636657442496]"
0,39,"[75.41208173334527, -1.0651135816891864, -74.84405248013627, -2.4111117240528626]"
0,40,"[75.90306646846965, -1.1033510432712161, -74.28979993156982, -2.414440137609065]"
0,41,"[77.63645707595504, -0.9612519898933001, -72.78929119137682, -2.4234510364222084]"
0,42,"[77.85943864338675, -0.9508404284580675, -72.58331251318845, -2.4246879855829184]"
0,43,"[78.24432093983042, -0.9328693211557378, -72.22777843208618, -2.4268230492074228]"
0,44,"[78.83072481173524, -0.9688093722930021, -71.58230728669557, -2.4306992513394876]"
0,45,"[79.45548844498717, -0.8763169117636055, -71.10896540798585, -2.4335417777832378]"
0,46,"[80.21686542074123, -0.8407663357687397, -70.40564528661788, -2.437765376271627]"
0,47,"[80.49498294450426, -0.8277803400282595, -70.1487349034613, -2.4393081819912203]"
0,48,"[80.12648189305357, -0.8449865664456155, -70.48913684951944, -2.4372639903050515]"
0,49,"[82.36785992059146, -0.7403310771956391, -68.41866937209385, -2.449697621936271]"
0,50,"[82.2749142512706, -0.7446709406086515, -68.50452770706994, -2.449182022961063]"
0,51,"[82.53016933140148, -0.7987999692108403, -68.16106831249736, -2.4512445753261485]"
0,52,"[82.87410250184388, -0.7835633257355517, -67.85444881058413, -2.45308589569428]"
0,53,"[84.43103097694036, -0.6439965126305658, -66.5128201489583, -2.461142683229665]"
0,54,"[85.02592937330641, -0.6841063516406953, -65.85299436241634, -2.4651050882710828]"
0,55,"[85.2449776470104, -0.6059913274574331, -65.76093890088964, -2.4656579024112437]"
0,56,"[84.85120450583682, -0.6921359004727443, -66.01457957424229, -2.464134732048248]"
0,57,"[85.93565237287355, -0.573742014552727, -65.12292981013832, -2.469489293195336]"
0,58,"[85.71797284024723, -0.6528703041564603, -65.22440570134492, -2.468879907216339]"
0,59,"[86.82155465273863, -0.6715335659843066, -64.09138246456193, -2.475683971375458]"
0,60,"[86.75354300438633, -0.6746088595094184, -64.15435201677442, -2.475305824785507]"
0,61,"[87.6672170741435, -0.49289097168850315, -63.52340114741836, -2.4790948293327912]"
0,62,"[87.50303585823677, -0.5708358750969679, -63.57355944910087, -2.4787936172378577]"
0,63,"[87.9227803290755, -0.4809580905990052, -63.28732521499612, -2.480512519401696]"
0,64,"[87.97613626876812, -0.6193266653428798, -63.02239664940374, -2.482103476144112]"
0,65,"[87.76684376576124, -0.488239154803752, -63.43137123441675, -2.479647490048205]"
0,66,"[88.67144911297352, -0.516575082670359, -62.481624918096855, -2.4853509343036606]"
0,67,"[88.5053245895385, -0.5242093993674614, -62.6352565487713, -2.484428341158133]"
0,68,"[88.71566036960787, -0.5151084534589846, -62.45211073283601, -2.4855281737490658]"
0,69,"[88.22778585444276, -0.46671662749502285, -63.005577106042935, -2.482204481356042]"
0,70,"[87.93188293780119, -0.5511277611696962, -63.17695687151677, -2.481175306594217]"
0,71,"[88.8723194289772, -0.578803808792944, -62.19265272074005, -2.4870862785642074]"
0,72,"[87.96877479376577, -0.6196595303293703, -63.0292123757646, -2.482062546145551]"
0,73,"[87.95908136361295, -0.5498778292007404, -63.15180346300077, -2.4813263585760366]"
0,74,"[87.6566771546589, -0.5637751293950353, -63.431470259065435, -2.4796468953825]"
0,75,"[87.34356991470243, -0.5781642985198039, -63.72103533795814, -2.477907990732476]"
0,76,"[87.14378332554578, -0.5873456991818756, -63.90580021103769, -2.4767984353324]"
0,77,"[86.33916458195233, -0.6243227910694198, -64.6499206280539, -2.4723298217196166]"
0,78,"[86.02362909682229, -0.6388235527286953, -64.94173137525294, -2.4705774313168387]"
0,79,"[86.09092111619259, -0.5664921325169283, -64.97950068780685, -2.4703506179404497]"
0,80,"[86.33244491956188, -0.6246316001490533, -64.6561350470194, -2.4722925027097493]"
0,81,"[86.22598557807642, -0.6295240500002894, -64.75458983720692, -2.471701259134631]"
0,82,"[86.01192925891398, -0.6393612309581039, -64.95255151626093, -2.4705124538907466]"
0,83,"[85.65384310052328, -0.6558174530979662, -65.28371360219421, -2.468523749681859]"
0,84,"[85.04041959502045, -0.6840079688043936, -65.85101452372598, -2.4651169776560806]"
0,85,"[85.14915971757964, -0.6790107032848552, -65.75045044168165, -2.465720888012125]"
0,86,"[85.06573225243416, -0.6828446992850624, -65.82760509492451, -2.465257556640097]"
0,87,"[84.50207207017554, -0.7087482896732797, -66.34888433831439, -2.46212715533702]"
0,88,"[84.75162556573694, -0.6972797990251237, -66.11809447334595, -2.4635131013596085]"
0,89,"[84.52753508737678, -0.640058027287244, -66.43490253687598, -2.4616105963443498]"
0,90,"[84.63045247233309, -0.7028484346612782, -66.2301567059409, -2.462840141974808]"
0,91,"[84.15389309889872, -0.6575045836652937, -66.85855955906875, -2.51341072547214]"
0,92,"[83.80225012632268, -0.6739239346354108, -67.18380028594652, -2.5117386795765646]"
0,93,"[84.0817499628668, -0.6608731806883359, -66.9252860055846, -2.5130676882329412]"
0,94,"[83.83949037095776, -0.6721850668218524, -67.1493561332723, -2.5119157551988534]"
0,95,"[83.59493755672946, -0.683604030943696, -67.37554730233488, -2.510752917999843]"
0,96,"[84.1278194534587, -0.6587220467427274, -66.80414494888471, -2.4593932110516095]"
0,97,"[83.91514753085102, -0.668652388626724, -67.07937950471374, -2.5122755014572347]"
0,98,"[83.89400347869146, -0.6696396730043845, -67.09893600784285, -2.5121749624776832]"
0,99,"[83.74608865728324, -0.6765462957888299, -67.23574500953677, -2.5114716344167847]"
0,100,"[83.52191232205826, -0.7543518109129399, -67.34571014286014, -2.5109063093063817]"
0,101,"[83.26401603652428, -0.7662038982729119, -67.58451758024822, -2.5096786125189876]"
0,102,"[82.84746833612544, -0.7853470965725714, -67.97023344535339, -2.5076956670395]"
0,103,"[82.42257303996558, -0.8048739236398984, -68.36367903773208, -2.5056729834285503]"
0,104,"[82.72145279133414, -0.791138367441357, -68.08692162975419, -2.5070957790683264]"
0,105,"[82.19225482352364, -0.8154586112642698, -68.57694966680846, -2.5045765700629263]"
0,106,"[81.92316012329269, -0.8278253419003436, -68.82612663980679, -2.503295564024804]"
0,107,"[80.68058429818984, -0.884930147423292, -69.97673006140627, -2.49738037084777]"
0,108,"[81.61445322384817, -0.842012522352621, -69.11198381455331, -2.5018259869507875]"
0,109,"[81.71093155333318, -0.8375786873051989, -69.02264657349885, -2.5022852651250225]"
0,110,"[81.81919574237732, -0.8326032118971265, -68.92239583319449, -2.502800649039157]"
0,111,"[81.64467665016373, -0.8406235504708893, -69.08399745184722, -2.5019698634060643]"
0,112,"[81.69949038539018, -0.9042508051061084, -68.93758473876278, -2.5027225636546557]"
0,113,"[81.41528312092146, -0.9171022451968684, -69.20105910176886, -2.5013680554678035]"
0,114,"[80.97084280971026, -0.9371991911497694, -69.61307752117658, -2.499249889905681]"
0,115,"[80.94171151029403, -0.9385164662374198, -69.64008369419463, -2.4991110525553175]"
0,116,"[80.31694430071482, -0.9667675328651081, -70.21927417646003, -2.4961334639921473]"
0,117,"[79.8197117742566, -0.9892516661855587, -70.68023362244527, -2.4937636951225306]"
0,118,"[79.17356283466343, -1.0184695836178006, -71.36325732695134, -2.548339008530532]"
0,119,"[79.56022574835957, -1.0009852477406926, -71.00435392534834, -2.549874688661284]"
0,120,"[79.54131383783032, -1.0018404168920612, -71.02190810181402, -2.5497995776428604]"
0,121,"[79.36268482798104, -1.0099177615118102, -71.18771288160801, -2.5490901301849203]"
0,122,"[79.64821192848952, -0.9970066403505246, -70.9226844964372, -2.550224136782167]"
0,123,"[79.3663269734787, -1.0743233552551614, -71.09083862756414, -2.549504636891884]"
0,124,"[79.08607176647915, -1.0867886860777747, -71.35127390788628, -2.54839028332613]"
0,125,"[78.77642747932441, -1.100561199059923, -71.63901984341648, -2.5471590726050155]"
0,126,"[79.70275555433894, -0.9950845702460414, -70.88322989527491, -2.5503929555974834]"
0,127,"[79.60874522588853, -0.999335660415287, -70.97049261620337, -2.55001957483239]"
0,128,"[80.92355202149623, -0.9398808926743865, -69.75005630488407, -2.5552415921935228]"
0,129,"[80.38920097879871, -0.9640439235028099, -70.24605420942636, -2.5531193104778915]"
0,130,"[80.80486586431589, -0.9452478088880771, -69.94235179534427, -2.6111325955349467]"
0,131,"[80.61586183860294, -0.9537944565692404, -70.11800878396826, -2.610532057373794]"
0,132,"[79.19384423206034, -1.0180972323100546, -71.43960672133157, -2.606013762933563]"
0,133,"[78.55473202708328, -1.0469974995084166, -72.03358626698221, -2.603983058736129]"
0,134,"[80.22526698684904, -1.0366538788855797, -70.38650013596292, -2.6096141360085507]"
0,135,"[80.33972406440019, -1.0315629045689632, -70.28000295509194, -2.609978229812442]"
0,136,"[80.03538554386215, -1.045099678569886, -70.64606866915796, -2.665897027648856]"
0,137,"[79.54159731716696, -1.0670630488894641, -71.10608867486658, -2.6647189426128057]"
0,138,"[79.20496447862229, -1.0820362525726919, -71.41970052694631, -2.6639158005201176]"
0,139,"[79.80830126492253, -1.0552002355343264, -70.857623553715, -2.6653552476377533]"
0,140,"[80.0704533679799, -1.0435398851893218, -70.61339899463208, -2.665980692824748]"
0,141,"[82.26616189267632, -0.9458762374257441, -68.56784627899617, -2.6712192368333514]"
0,142,"[81.93833488193079, -1.0270738180676324, -68.7765562869526, -2.6706847423892053]"
0,143,"[81.63882028112056, -1.0401738259395197, -69.05591081260106, -2.6699693313585207]"
0,144,"[81.49503862272375, -0.980700559072432, -69.29723727908463, -2.6693513080216245]"
0,145,"[81.98511161789233, -1.0250279224496572, -68.73292805363586, -2.6707964718100605]"
0,146,"[82.01182456021847, -0.9571889919971757, -68.80479048868752, -2.6706124362065267]"
0,147,"[81.00482588270913, -1.0679031305792783, -69.6472315827836, -2.668454992542354]"
0,148,"[80.7480045722348, -1.013928829026392, -69.9931991788976, -2.6675689892318846]"
0,149,"[80.69652196414557, -1.0162187888995777, -70.04116209800371, -2.6674461589275866]"
0,150,"[80.22217889098383, -1.1021341220727667, -70.459748176294, -2.723236800099211]"
0,151,"[79.94242001335587, -1.049761440907538, -70.82671348334195, -2.7226110509339687]"
0,152,"[80.6668713635118, -1.0826844028439644, -70.04447167924089, -2.7239449294956]"
0,153,"[80.73186664926017, -1.0146466480612089, -70.09032378071086, -2.7238667425017113]"
0,154,"[80.52001700312813, -1.0896247505698222, -70.19265702104555, -2.72369224388158]"
0,155,"[80.05330275293933, -1.1100380736531172, -70.62850769855508, -2.7229490313969564]"
0,156,"[79.66611772423306, -1.126972917791256, -70.99008838098533, -2.7223324640924926]"
0,157,"[79.27557951762581, -1.1440544244832405, -71.43845186826395, -2.779118360607575]"
0,158,"[79.77645866524732, -0.7370423849647706, -71.42118393735696, -2.6879469823292315]"
0,159,"[80.46430002013291, -0.7069573215632338, -70.69503910000992, -2.631539331830849]"
0,160,"[79.6319470970495, -0.807920984100536, -71.46236081840657, -2.6879119170799304]"
0,161,"[79.1968894771519, -0.8266261446917897, -71.86962387757826, -2.6875651015772313]"
0,162,"[79.74028779069221, -0.8032629112833499, -71.36094169526585, -2.6879982831850393]"
0,163,"[78.25398738864813, -0.8671659127147999, -72.83771928051726, -2.7454436455555733]"
0,164,"[77.88607059304788, -0.8829843754451902, -73.18255828280294, -2.7454436227649244]"
0,165,"[77.50187854910007, -0.8995025871745168, -73.54265165909176, -2.745443598966102]"
0,166,"[76.7114730436151, -0.9334858143061033, -74.28347852313279, -2.7454435500043393]"
0,167,"[76.49577607419253, -0.8809978618226504, -74.58623614459779, -2.745443529994878]"
0,168,"[76.61067172104154, -0.9382753886074804, -74.38789018762955, -2.7454435431037]"
0,169,"[76.22225393307488, -0.954975671152928, -74.67383093263801, -2.685185351597344]"
0,170,"[76.17498943603621, -0.9570078398109252, -74.71807816722834, -2.6851476728192734]"
0,171,"[75.77505862263595, -0.97420313258415, -75.18080245811387, -2.745443491340351]"
0,172,"[75.35714173713687, -0.9921717485553297, -75.56281895966129, -2.7454434654518405]"
0,173,"[60.971951052632186, -9.980052310309802, -87.09023810159039, -11.39593335256232]"
0,174,"[60.989267441223056, -9.979307780602115, -87.07400704000331, -11.39593335363501]"
0,175,"[60.581984692858185, -9.996819174735702, -87.45576281646767, -11.395933328405249]"
0,176,"[60.095356926623005, -10.078413800512854, -87.87854767655365, -11.456807424471542]"
0,177,"[60.2453432296873, -10.072076859232556, -87.68273691729523, -11.395933313404816]"
0,178,"[60.010173103420016, -10.082012828388331, -87.90342292293822, -11.395933298819953]"
0,179,"[59.6266776874389, -10.09821556078913, -88.26329886840196, -11.395933275036203]"
0,180,"[59.16683344422172, -10.117644041309118, -88.7846033660685, -11.457548376685764]"
0,181,"[58.765744456390834, -10.13459010446376, -89.16145571237543, -11.457868441583708]"
0,182,"[59.438538811978475, -10.10616445333449, -88.52931636380731, -11.45733155858943]"
0,183,"[59.131170392985915, -10.119150809973595, -88.81811140279461, -11.45757683543482]"
0,184,"[59.446840529711714, -10.105813704654603, -88.52151629474265, -11.45732493390384]"
0,185,"[58.97533200435197, -10.185687812636363, -88.87706724143207, -11.457626907285672]"
0,186,"[58.68787038274498, -10.197618266986778, -89.23766415715383, -11.519753266055679]"
0,187,"[58.91361075196544, -10.188249415746828, -89.02505567859113, -11.519392557394616]"
0,188,"[57.97809414951707, -10.227075948684242, -89.90615090406426, -11.520887411603619]"
0,189,"[57.178274373999244, -10.260270687053247, -90.65944313169912, -11.522165436979916]"
0,190,"[57.13333100840011, -10.26213596134147, -90.70177202756528, -11.522237251610523]"
0,191,"[57.24945878089439, -10.257316336791893, -90.59239970256137, -11.522051692007368]"
0,192,"[56.90696825256833, -10.27299742308108, -90.94825249739903, -11.52265542703256]"
0,193,"[56.03644938124432, -10.309127288652503, -91.76815192296154, -11.52404645727745]"
0,194,"[55.37515573086011, -10.336573506625099, -92.48504251529954, -11.589647439335984]"
0,195,"[54.29303585663805, -11.138474023291536, -91.85546612359506, -11.2598702549233]"
0,196,"[54.11946085234915, -11.145678050427646, -92.01915007001246, -11.260286301167188]"
0,197,"[54.97289879598227, -11.110257108742468, -91.21434472831886, -11.258240674538555]"
0,198,"[62.95720816503901, -6.043890501968585, -83.65509453915202, -5.199662950814066]"
0,199,"[64.53389776122063, -5.978451848041115, -82.26083676879146, -5.259422608724589]"
0,200,"[64.00003922414358, -6.059423861195515, -82.6787688468812, -5.260837248064171]"
0,201,"[66.1184547786987, -4.199267844245705, -81.90004582218968, -4.116061085728836]"
0,202,"[65.97219260178825, -4.147915251884803, -82.14052108096146, -4.116875059527665]"
0,203,"[65.6840860032167, -4.159873109477003, -82.50734026237694, -4.182845885522822]"
0,204,"[65.31430270293076, -4.175220956651336, -82.85692240368626, -4.184323170475312]"
0,205,"[65.61486821660611, -4.219791324149777, -82.47081683652617, -4.182691542663028]"
0,206,"[65.20447466074975, -4.237259214543863, -82.8764727988086, -4.1844057876948915]"
0,207,"[64.6578719763398, -4.316000769702199, -83.29268295960809, -4.186164633284999]"
0,208,"[65.90464444755466, -4.2087232691870105, -82.21378393872206, -4.181605357794433]"
0,209,"[65.50622662081489, -4.224961086852527, -82.60362153912997, -4.1831988872724315]"
0,210,"[65.01382808794787, -4.302490135947721, -82.98542155515257, -4.184812277033622]"
0,211,"[64.30499298751711, -4.580744689064662, -85.45803505663024, -5.8345407735843935]"
0,212,"[63.85062425229884, -4.598921571285817, -85.80973194038698, -5.770469264610081]"
0,213,"[63.51787329407871, -4.612233171551705, -86.2210654930767, -5.837692635067101]"
0,214,"[63.032949801960704, -4.631632387473253, -86.76036334764487, -5.906165906683797]"
0,215,"[63.186588709858036, -4.625486109974439, -86.61459652012056, -5.9054276489252455]"
0,216,"[62.928882500882246, -4.635795568009581, -86.77920420871463, -5.840051129474268]"
0,217,"[62.448117000615554, -4.655028444739411, -87.23478660820447, -5.841976257602984]"
0,218,"[61.94933437173422, -4.67498209118645, -87.88664788672887, -5.978758753249283]"
0,219,"[61.04216885599424, -4.766180615336569, -88.58574880623513, -5.915323655052013]"
0,220,"[60.56120971608239, -4.785059125229788, -89.04260757641852, -5.917637427499476]"
0,221,"[60.48809132910745, -4.787929153216229, -89.11206207593648, -5.917989181515869]"
0,222,"[61.017907959003395, -4.767132899108416, -88.60879401453457, -5.915440368074701]"
0,223,"[60.850382000750486, -4.773708593793891, -88.86729984740958, -5.9844444303511155]"
0,224,"[60.82223046467444, -4.774813592136199, -88.89407362822905, -5.984602431390229]"
0,225,"[60.40394799220334, -4.791231930284743, -89.29188507298727, -5.986950049833323]"
0,226,"[60.679870743536114, -4.835153143311488, -88.94898662514466, -5.984926491358898]"
0,227,"[60.10926537047592, -4.857119770557101, -89.49229920951446, -5.988132760711474]"
0,228,"[59.82316638020359, -4.868133739530007, -89.76471371720969, -5.989740369871185]"
0,229,"[59.20029419691549, -4.892112485118347, -90.45897770723248, -6.062680730786242]"
0,230,"[58.917132308994844, -4.903013384296281, -90.7289267957865, -6.064499128800811]"
0,231,"[58.41988545677531, -4.922155924425514, -91.20297129213004, -6.067692329324605]"
0,232,"[60.961357159182405, -4.7700944042334, -88.79676024066978, -5.983927646131405]"
0,233,"[60.46899891516408, -4.897980720010318, -89.18599385979768, -6.053991046526103]"
0,234,"[60.10614562210095, -4.91167497231017, -89.44915833433231, -5.987678100171053]"
0,235,"[61.02946180061606, -4.822422261611369, -88.66797676002065, -5.983068280019946]"
0,236,"[55.66964934303437, -8.018221421266723, -91.54598109397108, -7.864006432572079]"
0,237,"[55.13840385063698, -8.038673422384717, -92.05247424424938, -7.867418066568493]"
0,238,"[55.61182579220221, -8.021507715510799, -91.62736606529103, -7.8645546250497045]"
0,239,"[55.48673768065891, -8.026323539051562, -91.74662978047832, -7.8653579609784305]"
0,240,"[54.97624086912826, -8.045977385705118, -92.23335666110064, -7.868636453435806]"
0,241,"[56.42037114104927, -8.045718184516065, -90.8732841072112, -7.926251654048674]"
0,242,"[52.339337379407844, -10.281203149197868, -95.98040521485817, -11.562658770026633]"
0,243,"[51.822116561774976, -10.300724519053746, -96.474724722339, -11.566399998540081]"
0,244,"[52.46197072347512, -10.222932048955334, -95.97611325707483, -11.562626286593154]"
0,245,"[54.03897700057498, -9.266020192752286, -93.23510051433196, -9.42156746147587]"
0,246,"[53.63539675470552, -9.227797339426798, -93.8297028750132, -9.493304678398806]"
0,247,"[53.07017706599746, -9.303744826209632, -94.28999223455499, -9.49717066410004]"
0,248,"[50.62442824110016, -10.347194566807808, -97.75146947305295, -11.643955073539033]"
0,249,"[50.00775404572015, -10.422378925608605, -98.23100726598557, -11.647982727475076]"
0,250,"[49.986661318093034, -10.371266516094346, -98.36176548044088, -11.649080970084695]"
0,251,"[52.172630346438694, -8.785283359285392, -97.73626953628607, -10.847407171920088]"
0,252,"[52.297274460690225, -8.780578777268216, -97.54492948752892, -10.776815064968797]"
0,253,"[51.89859376919739, -8.795626627887199, -97.99882328178975, -10.849829906234653]"
0,254,"[49.86447224381374, -10.375878434795856, -98.5104635347561, -11.650073838944015]"
0,255,"[49.89095931627843, -10.427939809277689, -98.57651407138067, -11.787450868108373]"
0,256,"[49.84931833162481, -10.429479926187952, -98.54751317100914, -11.718712332356297]"
0,257,"[49.44149932795202, -10.393105053165765, -99.11822243427856, -11.792897208318758]"
0,258,"[48.37898017756629, -10.433210371215408, -100.06667833393284, -11.73273039616205]"
0,259,"[48.45980002150817, -10.43015978568494, -100.09176642408447, -11.802376530169086]"
0,260,"[49.06650077564978, -10.459669824517634, -99.4322194219947, -11.795745469991061]"
0,261,"[54.30402881804618, -6.794253353120678, -95.2318908989925, -8.040927745495866]"
0,262,"[53.950190285083124, -6.807340765087579, -95.57132271411302, -8.044059798104321]"
0,263,"[53.56546283674517, -6.770918705234514, -96.14301734740965, -8.119958946729446]"
0,264,"[53.96885383228507, -6.806650457197846, -95.65713763047975, -8.115074004203827]"
0,265,"[53.409818927457984, -6.7767937913712, -96.29233778682176, -8.121460186108271]"
0,266,"[54.139123254028966, -6.7492647620755175, -95.5926634917757, -8.11442579344099]"
0,267,"[53.70219821459732, -6.817369615100424, -95.95667130594828, -8.117872473825592]"
0,268,"[53.24843364318629, -6.834153641785753, -96.39251519569919, -8.122254309529167]"
0,269,"[52.995601133111606, -6.843505512476796, -96.63536250372894, -8.124695819046368]"
0,270,"[50.010983727079804, -8.36599323922463, -99.27484240360911, -9.671090008428857]"
0,271,"[49.4318023759357, -8.437632113155889, -99.75686923301521, -9.675936102325107]"
0,272,"[51.3275862080718, -8.368951694742616, -97.93380470327945, -9.657607782507501]"
0,273,"[50.708474143083166, -8.3913808741392, -98.52916859787521, -9.66359331932752]"
0,274,"[50.1658644609143, -8.411038526754826, -99.05096462139053, -9.668839235883162]"
0,275,"[49.909860220919306, -8.420313043195142, -99.40244203441591, -9.743574236220756]"
0,276,"[50.20105198329363, -7.871138455846897, -100.51405833148273, -10.14655493115994]"
0,277,"[49.86936473669586, -7.883407542549762, -100.83305147079369, -10.15002493527885]"
0,278,"[51.79773291816855, -7.813023552100779, -99.00308558871129, -10.13011858506077]"
0,279,"[52.71847870727458, -7.778963753940973, -98.22051473661232, -10.191154914632268]"
0,280,"[52.16646377571396, -7.799383632448817, -98.75207363394608, -10.197374350865136]"
0,281,"[51.93907222173737, -7.7573790074489555, -98.99383554915885, -10.129733475198643]"
0,282,"[51.397661631301226, -7.77781827661677, -99.6186135469636, -10.207207144495468]"
0,283,"[47.117939390952834, -10.259590777202346, -104.09166692358629, -13.470626679153217]"
0,284,"[47.6577109838685, -10.188722608835288, -103.64736351570869, -13.465428206538084]"
0,285,"[46.90471623183744, -10.267478588729265, -104.29699969755904, -13.473029129333794]"
0,286,"[46.384755148794234, -10.286713624179407, -104.9027118816083, -13.550941305354428]"
0,287,"[45.87368743559917, -10.30561966523001, -105.25404723089332, -13.41214972807111]"
0,288,"[45.60352425324172, -10.267482730935065, -105.61780244374884, -13.41610658486445]"
0,289,"[44.75720553063944, -10.590746460016486, -104.09225976180838, -11.928252000827774]"
0,290,"[44.13082283191071, -10.662952387724902, -104.729709844074, -12.007849847001859]"
0,291,"[43.71460690145599, -10.678350293360202, -105.13054649372219, -12.012539703123272]"
0,292,"[40.77118404040991, -12.278064863282012, -106.63939475848203, -12.923400941920168]"
0,293,"[40.289716798909744, -12.295876740744292, -107.21185315818663, -13.003480004019814]"
0,294,"[39.7762230069587, -12.314873440231835, -107.630576231905, -12.934612007503835]"
0,295,"[38.92169856695327, -12.34648656632215, -108.45352674838428, -12.944240655478643]"
0,296,"[38.32903624203427, -12.414476100717671, -108.95596580282398, -12.950119269911854]"
0,297,"[37.2038021902589, -12.411424781000271, -110.25643730513256, -13.04118672138113]"
0,298,"[30.575784494838434, -16.1038563363549, -115.5071130601041, -16.893940969288646]"
0,299,"[29.990349564221585, -16.12596092705835, -116.07031485289264, -16.90053052485403]"
0,300,"[29.554110464754725, -16.14243224818775, -116.48998684384357, -16.905440757632082]"
0,301,"[37.78753005952499, -10.61016205955496, -113.42365108811607, -13.657780398741139]"
0,302,"[37.36532922645964, -10.583975018164121, -113.92560423845109, -13.664065106624454]"
0,303,"[37.04266540991366, -10.596158678526525, -114.23640909375573, -13.667956540960509]"
0,304,"[36.647012846813745, -10.611098365603697, -114.6175201180458, -13.67272824417061]"
0,305,"[35.98670912290366, -10.636031177699794, -115.3709156131091, -13.761232984558221]"
0,306,"[35.663369396694584, -10.648240360148494, -115.68275027933626, -13.765392492377595]"
0,307,"[35.111432899857576, -10.669081267849462, -116.21504779590697, -13.772492715419492]"
0,308,"[34.44855657976122, -10.694111220178135, -116.85433767980284, -13.78102009084918]"
0,309,"[33.78192229918431, -10.720498372402508, -117.52829179926553, -13.790009846426134]"
0,310,"[33.41726018923954, -10.734268652848536, -117.91416125118833, -13.79470119979323]"
0,311,"[32.81146651010239, -10.757144483999223, -118.41123974126403, -13.719375053328704]"
0,312,"[34.21737196267536, -10.704055029859164, -116.97113219417216, -13.62039634886856]"
0,313,"[33.521087229043815, -10.770401954266472, -117.70187522410102, -13.710071380107063]"
0,314,"[30.155244474925475, -12.69276513978631, -117.28599585723718, -13.1445799579748]"
0,315,"[29.636751269256138, -12.711950894260207, -117.69651256396887, -13.067519561853512]"
0,316,"[29.278733028562737, -12.687589603224025, -118.1352727530645, -13.072653272023008]"
0,317,"[28.692070501758632, -12.709744314833191, -118.82236844880123, -13.163417340121619]"
0,318,"[28.973100235768165, -12.73789358383047, -118.49406445930713, -13.159306693977936]"
0,319,"[28.367214343790845, -12.760314445056295, -119.0784164116147, -13.166623279143437]"
0,320,"[25.327894339378094, -14.282578659429122, -123.63533401997915, -16.3922703941779]"
0,321,"[24.720007588522243, -14.305073562615389, -124.22232868046426, -16.400100429273216]"
0,322,"[24.69848699458849, -14.305869934104603, -124.24310964618165, -16.40037763058668]"
0,323,"[29.53677642169797, -10.91902881963177, -121.73391810719468, -13.844304997184144]"
0,324,"[29.416978275383116, -10.923461960672352, -121.75772070427463, -13.760019353158642]"
0,325,"[28.778851111694664, -10.983567607735818, -122.44470143831487, -13.853343688343756]"
0,326,"[28.37393418998448, -10.918965319473282, -122.65423824307663, -13.592368003838642]"
0,327,"[28.237043810152777, -10.92403127035319, -122.78643033132745, -13.594131362091504]"
0,328,"[28.00996881919404, -10.932434715150894, -123.00571175403424, -13.597056436591389]"
0,329,"[27.590320694652952, -10.913727028057925, -123.6221254032415, -13.69105959734986]"
0,330,"[28.56969770427755, -10.912906426433883, -122.62239563397266, -13.676907726065293]"
0,331,"[28.05330688464483, -10.897448425290715, -123.20586552269411, -13.685167148778735]"
0,332,"[27.316468928376516, -10.959288053748846, -123.8341584746322, -13.694061073175256]"
0,333,"[27.00473895367261, -11.34697624302034, -123.1677164145618, -13.372403661827517]"
0,334,"[26.423275466403805, -11.368938795546754, -123.7300017310446, -13.380821083913165]"
0,335,"[26.360675373360166, -11.371303273904783, -123.79053711099463, -13.38172729972428]"
0,336,"[25.60309134510946, -11.434306887736453, -124.40462804206506, -13.30336299287964]"
0,337,"[24.48362041407714, -11.475740899018895, -125.48709496238591, -13.318686559964934]"
0,338,"[23.897772448226224, -11.497424384095616, -126.05357777653641, -13.32670577721984]"
0,339,"[23.23904073123802, -12.398570252761088, -127.94532664061755, -15.36592914853583]"
0,340,"[22.404902429129972, -12.431345123520316, -128.75021456871397, -15.377978724240057]"
0,341,"[22.366635603408778, -12.465775813190055, -128.7380308121316, -15.377796327297355]"
0,342,"[21.86363649808358, -12.485159601056084, -129.25990285804264, -15.38507090390445]"
0,343,"[21.22897692307731, -12.509617112886275, -129.87301017089337, -15.39424960750239]"
0,344,"[20.598462205013437, -12.533914896743086, -130.38521197020702, -15.31238830846597]"
0,345,"[16.862671541311812, -15.22102698461396, -131.87832811428174, -17.024805191651232]"
0,346,"[17.10349997897902, -15.211746317315693, -131.77684967539733, -17.111338577342096]"
0,347,"[17.618127958704033, -15.191914394190373, -131.27970870264386, -17.10389581924764]"
0,348,"[16.90058215157722, -15.25146363556998, -131.92530112055735, -17.113561062020793]"
0,349,"[17.78802719358485, -15.187039603092778, -131.28758530940706, -17.191334519089637]"
0,350,"[17.247870928188703, -15.20785684533187, -131.71958368049079, -17.109878890406648]"
0,351,"[16.573978512781913, -15.265445357626048, -132.414675258701, -17.209123941886375]"
0,352,"[17.572920666920727, -15.22770340135049, -131.4473061111456, -17.19385547216294]"
0,353,"[20.207942811263024, -15.160963139708834, -128.7155196344169, -17.064903595696876]"
0,354,"[19.691676898208044, -15.147652715023462, -129.43580861848773, -17.16147104906625]"
0,355,"[19.51031979522808, -15.154504735255639, -129.6114294342263, -17.164243026827428]"
0,356,"[19.441672994067357, -15.124973463220586, -129.77012831364695, -17.16674791078796]"
0,357,"[18.881787007743405, -15.146552730726823, -130.3117135708583, -17.17529622712768]"
0,358,"[26.22861303163566, -11.406964181942305, -124.44932094705234, -13.562875062808587]"
0,359,"[25.233445938212068, -11.444566397637656, -125.41425141874016, -13.578887383499978]"
0,360,"[26.0838508352718, -11.412433996376665, -124.58968476669935, -13.565204298499243]"
0,361,"[23.084215321057364, -12.939555424946336, -127.26771901827162, -15.200712006628617]"
0,362,"[22.62996427222175, -12.924466310691187, -127.79498797584695, -15.209887864299453]"
0,363,"[21.845546776329602, -12.987758259535452, -128.5061724919178, -15.222264333278732]"
0,364,"[9.809399572089227, -20.674122048786188, -136.3386248143437, -22.34125298285016]"
0,365,"[11.028374193516546, -20.596794707325216, -135.19050069407385, -22.236753903400537]"
0,366,"[10.913034689851099, -20.601240863330762, -135.3022168727837, -22.238607847495185]"
0,367,"[20.904346902842068, -14.784225336642868, -131.03437500761822, -18.74255113959266]"
0,368,"[20.510969467782243, -14.799687973135129, -131.41497006868016, -18.748867358545766]"
0,369,"[19.921174267310267, -14.856542527347978, -131.97873065290727, -18.75750168581644]"
0,370,"[19.93469131245874, -14.856021423142765, -131.9656379885598, -18.75728439743008]"
0,371,"[21.162433163216857, -14.80868996613295, -130.776442289296, -18.737548275911905]"
0,372,"[20.877742061209304, -14.78692093576005, -131.144235622088, -18.743652245102215]"
0,373,"[21.668924350424454, -14.757462570638891, -130.54484848783085, -18.81786491884367]"
0,374,"[21.414016726614317, -14.767484057797306, -130.79180584003998, -18.82216313479857]"
0,375,"[20.90116052434342, -14.787646584787865, -131.2053593501031, -18.743948660150522]"
0,376,"[17.533180780762503, -16.688829196472284, -130.9156687595368, -18.265851288302077]"
0,377,"[17.90903012010884, -16.674052983538914, -130.55155467210503, -18.25951377040885]"
0,378,"[17.334476411266213, -16.730395251565184, -131.05762449959417, -18.268322071701327]"
0,379,"[10.42996760143642, -20.703196907064736, -136.20783321752572, -22.43819403477938]"
0,380,"[10.097119405353823, -20.71603097567421, -136.6566235933225, -22.53025483517463]"
0,381,"[9.465841658040302, -20.710450558158126, -137.37429430190517, -22.543324940116197]"
0,382,"[9.007368995887028, -20.699016915479756, -137.7736444287865, -22.378283938363968]"
0,383,"[8.873013347259354, -20.704401285622595, -138.0312300918272, -22.468090585996634]"
0,384,"[9.082024382598865, -20.727824173170102, -137.78133766442892, -22.46374079207829]"
0,385,"[8.445429988291883, -20.75285592587451, -138.32243477944795, -22.386521766016845]"
0,386,"[13.974225287637948, -16.91511971929553, -137.89442023762803, -21.220659662762213]"
0,387,"[13.442660325405342, -16.90711997030822, -138.54959562188304, -21.230723953588893]"
0,388,"[12.91019113652019, -16.92846095344742, -139.06427315967383, -21.239267358204394]"
0,389,"[12.275493666303191, -16.953899172771912, -139.80975876082246, -21.340036208886854]"
0,390,"[13.177507869842934, -16.948314860120814, -138.80875303747885, -21.234219302331866]"
0,391,"[12.860265172292925, -16.93236311762257, -139.20695062808556, -21.24082950589024]"
0,392,"[18.548693817649262, -13.555209625819305, -133.12532724535146, -16.450130254874672]"
0,393,"[17.98286592314317, -13.57831781928557, -133.80551984522583, -16.551042115449498]"
0,394,"[17.401181466422635, -13.602073588650653, -134.36787575416113, -16.560832170404467]"
0,395,"[6.3800039039093015, -20.30409464234067, -142.48422813792018, -23.201484490857098]"
0,396,"[6.119021046934319, -20.314754156944012, -142.86841129800678, -23.296360607305346]"
0,397,"[6.216357502915741, -20.284280183709864, -142.7150380813411, -23.115401319009834]"
0,398,"[5.646966183396227, -20.87537408419019, -141.65304276759773, -22.528502877285767]"
0,399,"[5.140846766236091, -20.89642802238146, -142.0598913948919, -22.445768510775146]"
0,400,"[4.6782588975051675, -20.889840212336654, -142.73686857672743, -22.545650473125807]"
0,401,"[9.942965233879839, -17.08120581615184, -142.4807121743172, -21.40379908759656]"
0,402,"[9.787001162032274, -17.062017323416878, -142.71851811863215, -21.407747574600634]"
0,403,"[10.10373295966348, -17.022426883903815, -142.50133822458608, -21.404141558814707]"
0,404,"[2.760002780058176, -20.910230114610503, -147.24317541710616, -24.63562344738102]"
0,405,"[2.201125329766039, -20.935157632341564, -147.7792535538193, -24.64409020783324]"
0,406,"[1.4705401473365356, -20.967743801419495, -148.5363586681781, -24.655158268865833]"
0,407,"[0.986650448906113, -21.014663751795034, -149.01864183675022, -24.66189079848132]"
0,408,"[18.0124226325953, -10.22159470504504, -137.6617089847689, -15.158365727694475]"
0,409,"[17.73336049438281, -10.234043080411011, -137.9290422426475, -15.162371405391697]"
0,410,"[17.94728554239796, -10.224500333713328, -137.7241083867183, -15.159300710100675]"
0,411,"[15.160785183054056, -12.191251907491091, -137.00446570563685, -14.772905038044824]"
0,412,"[14.438878630950562, -12.249218190537494, -137.54426112993562, -14.685888711553343]"
0,413,"[13.9453060724694, -12.246995408615103, -138.20302875741152, -14.791838606797123]"
0,414,"[19.28027446777485, -8.427343230765201, -134.27085641579393, -11.536559138523035]"
0,415,"[18.59713901225198, -8.458330625292522, -134.92463136954933, -11.546355860733286]"
0,416,"[17.68246605147868, -8.499820686553154, -135.94585281486417, -11.659573188325455]"
0,417,"[14.020452004039727, -10.379027529366786, -141.75082886342847, -15.317106215471247]"
0,418,"[13.259955182584246, -10.436186845741547, -142.3274790307321, -15.227417867167814]"
0,419,"[12.78682705651932, -10.457297031421138, -142.8089732247851, -15.234210769653075]"
0,420,"[12.341752544587418, -10.45649424539986, -143.29601472772964, -15.241510057928808]"
0,421,"[11.596493761996395, -10.490303646046213, -144.009226756226, -15.252198962603753]"
0,422,"[11.862836862638748, -10.457985612065869, -143.84222559571975, -15.249278696747162]"
0,423,"[7.686704207156765, -12.92474523985762, -147.95046800494382, -18.070715043681293]"
0,424,"[7.021454448690881, -12.954928641389644, -148.6224869377041, -18.080257582016007]"
0,425,"[6.379056419792915, -12.965625388760738, -149.30165102071294, -18.09043775775089]"
0,426,"[12.478142895673365, -8.741715059039683, -140.89779780859192, -11.638572292357978]"
0,427,"[11.789166449506826, -8.772974976771497, -141.55712805363694, -11.648455173284411]"
0,428,"[12.068862168526614, -8.74167840949668, -141.34212904709057, -11.645232494517636]"
0,429,"[-0.8005807389852492, -16.914875261795114, -151.9905860206181, -19.423227202814385]"
0,430,"[-1.5258187384354995, -16.948321668803917, -152.68474280613324, -19.434196695200914]"
0,431,"[-2.2297520573806326, -16.98078555005441, -153.35850795669944, -19.44484394643244]"
0,432,"[-0.7729827396861666, -16.932577397626275, -151.9358000708335, -19.42236144154605]"
0,433,"[-1.0184857109971717, -16.9270862298907, -152.24401612326048, -19.42723206113957]"
0,434,"[-0.9954229764195827, -16.909448158328058, -152.4453294188604, -19.531355004958016]"
0,435,"[-0.017177277865639072, -16.863599128325752, -151.50871675722058, -19.51579416799848]"
0,436,"[-0.536797934616956, -16.907025816284875, -152.01599716314013, -19.52358522649874]"
0,437,"[-1.2301129572200158, -16.939008167547986, -152.68051997974908, -19.534626451913258]"
0,438,"[0.4555164379377215, -16.86125074176345, -151.10301560250548, -19.507782357222506]"
0,439,"[5.523280466772101, -13.123579807742505, -150.41877347151043, -18.326594403723487]"
0,440,"[6.209864553919344, -13.055329269974967, -150.04009530356657, -18.420943012747756]"
0,441,"[7.094262577936843, -13.033815003145238, -149.0494063266879, -18.304403514187825]"
0,442,"[6.932463113452421, -13.020920295940522, -149.38356143546727, -18.40945895048904]"
0,443,"[6.22972896582515, -13.074345196414553, -150.02567768207243, -18.420130569912217]"
0,444,"[5.3335262207084275, -13.116360070051856, -150.88368144329806, -18.43439012128141]"
0,445,"[-0.31705134403506363, -16.969866677696356, -152.01057169445355, -19.612999512697698]"
0,446,"[-0.9376611015938299, -16.982392771305868, -152.67774569073512, -19.62408757816093]"
0,447,"[-0.7878921559234915, -16.975260053227316, -152.6847224249638, -19.72479645781852]"
0,448,"[-0.16986689995011922, -16.965160863537612, -151.9519195132392, -19.6113943509737]"
0,449,"[-0.30239473163186487, -16.971374739877977, -152.07880449878454, -19.613503288520302]"
0,450,"[-0.8834366325381205, -16.98204185967207, -152.70807890999916, -19.623962370240825]"
0,451,"[4.03433011628419, -14.692676256099558, -149.62408259588688, -18.25433287194578]"
0,452,"[4.049706168262112, -14.691943873942567, -149.60935839224769, -18.254076221283228]"
0,453,"[3.9263690321629383, -14.717782766621708, -149.6975317449362, -18.25561312948835]"
0,454,"[5.5729814853521376, -14.640566889584573, -148.26636081609584, -18.329292479320948]"
0,455,"[5.136788686519153, -14.66102161738281, -148.6850497727949, -18.336928613128308]"
0,456,"[4.375221186958653, -14.696734393809129, -149.30041630188794, -18.248112423407285]"
0,457,"[4.926430712174444, -14.633398025652564, -148.94412435497668, -18.241327152943423]"
0,458,"[6.270216771640987, -13.177875543292577, -150.38324548895557, -18.647845055410556]"
0,459,"[8.821217619472975, -13.05633375075928, -148.0865393276084, -18.705714109252845]"
0,460,"[9.591919504910123, -13.019613853647355, -147.23602306238283, -18.592384982938242]"
0,461,"[9.356181984646938, -13.032546457108403, -147.52961334027415, -18.596916990190365]"
0,462,"[8.933194442945576, -13.05270249298809, -147.93468851800142, -18.60398032442588]"
0,463,"[11.531007574943482, -12.928912523934482, -145.44688565762965, -18.560600270349315]"
0,464,"[5.448129960639125, -16.776591383848224, -147.0514174106764, -19.716448390805283]"
0,465,"[5.124895899761402, -16.771033957937984, -147.58317077642658, -19.821634052968513]"
0,466,"[6.309852588669578, -16.691931765102222, -146.5280318606748, -19.802382976506124]"
0,467,"[9.400008757315161, -14.490275512553405, -144.8944347302498, -18.264166184786482]"
0,468,"[8.865909551883338, -14.540037741829451, -145.3695625449341, -18.272451861225964]"
0,469,"[8.155479058676521, -14.551427173774858, -146.22835126258525, -18.384143611302843]"
0,470,"[11.40331662019357, -14.417222420206048, -143.0827395102085, -18.326745998208146]"
0,471,"[10.732138396661332, -14.449708721051987, -143.7256557523753, -18.338477216370176]"
0,472,"[11.86509094952481, -14.394871665578409, -142.67316389787703, -18.318674855240328]"
0,473,"[14.914359717380272, -12.8729344605678, -142.3595678134825, -18.614337323205127]"
0,474,"[15.038464266248505, -12.842157914681112, -142.31404525846315, -18.613543298678366]"
0,475,"[14.411901742481039, -12.874671934707477, -143.08618562494607, -18.72059370376862]"
0,476,"[22.528413564535583, -8.23848577421038, -133.71082282760554, -12.780134728582707]"
0,477,"[21.890021444949014, -8.26986353408913, -134.3377760649626, -12.790791742322943]"
0,478,"[22.91280909750528, -8.193315040389498, -133.42259799601422, -12.774825240838913]"
0,479,"[28.807431697518943, -5.678965104317076, -128.81665456301818, -11.19130998916713]"
0,480,"[27.90160871371448, -5.723494305742503, -129.6823190845985, -11.206412660808256]"
0,481,"[27.289481964757407, -5.753585742799797, -130.40656880073513, -11.312189706796799]"
0,482,"[28.238621388664715, -5.678955840286312, -129.55586474997625, -11.296660347340776]"
0,483,"[26.32133062709012, -6.827730579779646, -130.94824242736152, -12.038639419383946]"
0,484,"[28.817553269674857, -6.731608806862702, -128.53394108327413, -11.994295041484058]"
0,485,"[30.845186764691867, -6.599526412664768, -126.42289616549303, -11.77717414268845]"
0,486,"[29.12018454479066, -7.8621359381659905, -127.65660941524973, -12.680834251464384]"
0,487,"[28.456219543860314, -7.896820784606074, -128.44339209607372, -12.784004245592403]"
0,488,"[29.933190110822736, -7.822004327195379, -126.91769591111606, -12.667647127177844]"
0,489,"[33.64738337989884, -4.827237878197285, -125.973706387843, -11.670374700243332]"
0,490,"[33.718451034692244, -4.823637921443194, -125.90593333184877, -11.669191765494535]"
0,491,"[33.206125126983004, -4.849589968364046, -126.39450851462942, -11.677719528521191]"
0,492,"[33.25912574675577, -4.815927477155256, -126.53656966838926, -11.769438319252503]"
0,493,"[32.724002378118264, -4.843429420956276, -127.04700088625276, -11.77876037267351]"
0,494,"[32.69820657260211, -4.814266560582868, -127.00944340180958, -11.688218088789824]"
0,495,"[32.688425365547346, -4.845891927408891, -126.97205698789757, -11.68756545441263]"
0,496,"[31.92281219991584, -4.885246166450853, -127.83647695572314, -11.792934568439943]"
0,497,"[32.817921886123294, -4.839235514935049, -126.98263032745925, -11.77733880711962]"
0,498,"[28.487200116575142, -8.528814421556588, -129.61674062389022, -14.214156776931544]"
0,499,"[28.103001904768416, -8.548563073938322, -130.0033465171303, -14.220850776229463]"
0,500,"[27.652509789350805, -8.571719382100865, -130.3196836655723, -14.137325711369458]"
0,501,"[32.26132412535461, -6.2997511381181255, -127.52767250235256, -13.12680874064162]"
0,502,"[31.568867864175687, -6.3367072291906075, -128.20206150929494, -13.138585609264604]"
0,503,"[31.61314143734004, -6.33439843860615, -128.04401303332102, -13.046880633399846]"
0,504,"[30.054228185087254, -7.919617197338255, -130.41202939579998, -15.178429599703737]"
0,505,"[29.29628132967831, -7.928357262506767, -131.2007682405295, -15.192205151244394]"
0,506,"[28.67052700021428, -7.9614497522281376, -131.79559328897417, -15.202593942372506]"
0,507,"[28.852142439710015, -7.983389197410362, -131.57561428725455, -15.198751945625041]"
0,508,"[28.26464078008542, -8.014031720128706, -132.26784233315257, -15.299876538127696]"
0,509,"[31.585385010991462, -7.840830540403749, -129.10378255080508, -15.24205485136455]"
0,510,"[31.864510676158474, -7.793606882210086, -128.907739368296, -15.238472255500106]"
0,511,"[32.570177376431246, -7.756281735861387, -128.23602115462825, -15.226196924812458]"
0,512,"[32.01795011898351, -7.752798257692909, -128.96044323420614, -15.32554996864026]"
0,513,"[31.557543912812903, -7.777488983129594, -129.3988058175375, -15.333914697651931]"
0,514,"[38.342257344309864, -2.395133720685075, -120.81920260493821, -9.066109727253446]"
0,515,"[36.75676448883743, -2.4790108296228164, -122.3351099396469, -9.094948222135493]"
0,516,"[39.15632721160177, -2.352067095246747, -120.05276471820474, -9.051302628236572]"
0,517,"[33.102166182503076, -6.262828052461256, -127.10007821997185, -13.297209132661122]"
0,518,"[32.56184790779599, -6.291019594753812, -127.61557061511476, -13.307048251423959]"
0,519,"[31.817930058486105, -6.298674381009516, -128.2721888564886, -13.230973090907131]"
0,520,"[30.457445781750604, -7.403071380238815, -127.89156982638595, -13.079448624484336]"
0,521,"[29.51509261155785, -7.453626319481457, -128.80363597241256, -13.096575637137345]"
0,522,"[28.555392284988613, -7.535841723767379, -129.55111566112936, -13.02092992206164]"
0,523,"[33.88826329113868, -3.210037832963443, -124.61229539957021, -9.33381766894327]"
0,524,"[33.67406619865766, -3.221373579616647, -124.82025886337507, -9.337715107421811]"
0,525,"[33.1969035905934, -3.246625997260356, -125.27495087079285, -9.346397353700924]"
0,526,"[32.23803133509792, -3.2973714711376303, -126.18866779525422, -9.363844582238368]"
0,527,"[31.531302479608854, -3.3347730024354623, -126.86211528793599, -9.37670391755134]"
0,528,"[33.13563617755477, -3.249868393617182, -125.47016258923452, -9.441414759683223]"
0,529,"[32.26200875441358, -3.2675667131142507, -126.35450506588833, -9.459013617980908]"
0,530,"[31.676390190559918, -3.3556718436986994, -126.81932321179704, -9.46826373193562]"
0,531,"[31.092069734457848, -3.3584316607974642, -127.56647411779812, -9.575872222410252]"
0,532,"[31.120605615652018, -3.356921205067518, -127.53921126398532, -9.575307764420161]"
0,533,"[30.41504478071844, -3.3942678143661658, -128.21329599849673, -9.589264209222526]"
0,534,"[30.650324947248947, -3.3818140102148013, -127.98851202419004, -9.584610216973108]"
0,535,"[31.81994886095759, -3.3203057648262666, -127.0166314133908, -9.656541609999332]"
0,536,"[26.279785325452096, -6.999832904756887, -132.72986578764773, -13.081465699164863]"
0,537,"[26.00244451498356, -7.01471988877502, -133.00727196200032, -13.086947449281306]"
0,538,"[25.406141654768117, -7.046727984283926, -133.57636956409345, -13.098733609666068]"
0,539,"[24.65543593390503, -7.087024051963003, -134.43282838287226, -13.209651895903166]"
0,540,"[24.011054861051562, -7.095952089073692, -134.97743815601817, -13.12749899991516]"
0,541,"[26.30195743323523, -6.972258693406135, -132.81027070547196, -13.08260976638059]"
0,542,"[25.16834595401915, -7.484159619014545, -135.24792180848695, -14.456286133923765]"
0,543,"[24.698058440915062, -7.509753870457936, -135.69688643235017, -14.46594581560287]"
0,544,"[24.209851670348588, -7.536323333805518, -136.03902470027546, -14.380274062971315]"
0,545,"[29.03742639950057, -3.460990322452195, -129.71942836970902, -9.71000242040432]"
0,546,"[28.334541956164987, -3.498733953231432, -130.3911125646413, -9.724456182176933]"
0,547,"[30.089112935912294, -3.404516646441603, -128.714425013569, -9.68837606802039]"
0,548,"[30.892579181141485, -3.3613719537527187, -127.94662372958985, -9.671853992719125]"
0,549,"[31.85325687911933, -3.2816034782629417, -127.21709583033082, -9.748121378778313]"
0,550,"[31.24997638198279, -3.3421803666888885, -127.74407073334207, -9.759882913407871]"
0,551,"[32.0469269764037, -3.2993855527328835, -126.9815779366241, -9.74286486305644]"
0,552,"[31.973096921416495, -3.3033500939348817, -127.0522157973687, -9.744441427026674]"
0,553,"[31.14665846891928, -3.3200658780427066, -128.03162558438814, -9.858673621642293]"
0,554,"[26.592193612021575, -6.933532375105472, -133.03623699920377, -13.366116623663192]"
0,555,"[25.812643410156216, -7.004391934741543, -133.73936565858014, -13.382371036763123]"
0,556,"[25.140010153537567, -7.0410127282086865, -134.3949567061931, -13.39725485973512]"
0,557,"[24.655024570478982, -7.067417246119403, -134.87051541687964, -13.40798647238018]"
0,558,"[24.470187794979985, -7.078447280660383, -135.06437815902206, -13.412469419524136]"
0,559,"[25.30636100076193, -6.978990624358773, -134.23577051341553, -13.30058745571393]"
0,560,"[24.8796559518489, -7.029954702003871, -134.74161475211565, -13.404747901928197]"
0,561,"[16.76829932410642, -12.31037084165145, -145.9139714390452, -20.757479145847732]"
0,562,"[16.810903702909044, -12.308019553452803, -145.7667106899704, -20.661904030147216]"
0,563,"[16.87683910795493, -12.27957638461522, -145.91261764866485, -20.75674862321]"
0,564,"[29.382250763395938, -3.3733758245170713, -129.6983186538531, -9.81266017743357]"
0,565,"[29.02095454970344, -3.393580087856175, -130.0428822232155, -9.820356500409922]"
0,566,"[28.239764978710788, -3.4372654607218034, -130.93047613035026, -9.934848750270188]"
0,567,"[28.214852303717247, -3.4386586174363636, -130.95426365236827, -9.935399082763102]"
0,568,"[28.30019037035873, -3.434315154180756, -130.880100977956, -9.933683303815656]"
0,569,"[29.567302381788416, -3.3371213484831097, -129.85856566002838, -10.00361197961743]"
0,570,"[30.530162123778556, -3.282561180634247, -128.93875727252617, -9.981598869683685]"
0,571,"[29.83344128549913, -3.3220406647403706, -129.46411966434795, -9.900910724666858]"
0,572,"[32.580391568871136, -3.166385524124062, -126.84431458573802, -9.840273564155336]"
0,573,"[18.7503748773115, -13.50983202281893, -141.7279731506777, -20.270306459770225]"
0,574,"[18.53600797694448, -13.524158670811788, -142.09937875441292, -20.367482435445474]"
0,575,"[17.995986416355453, -13.555159747524048, -142.50916087090715, -20.287101796893936]"
0,576,"[33.645963620437215, -1.943543014622804, -126.24037355947476, -9.125149766240149]"
0,577,"[33.668357534407576, -1.9422574447575467, -126.2190362384353, -9.124655790741313]"
0,578,"[34.503320616305594, -1.8943246279166945, -125.42346850703531, -9.106237781927202]"
0,579,"[34.01358152422419, -1.6566892915161342, -128.03631476335653, -10.267544402311966]"
0,580,"[33.60875869547418, -1.6520802388920632, -128.4668288308773, -10.277511136226934]"
0,581,"[33.32454637131164, -1.6963911371189733, -128.83425328041326, -10.378181424563824]"
0,582,"[32.7971658266388, -1.726673010166263, -129.1986769747817, -10.294435389153449]"
0,583,"[33.717834830695566, -1.6738087507978845, -128.32141062563826, -10.274122491661293]"
0,584,"[34.21590784754828, -1.616915549365477, -127.89206346300635, -10.264181058353607]"
0,585,"[35.55219492211994, -1.5100057043350297, -126.80274623847905, -10.32950074760219]"
0,586,"[31.729787667043997, -4.268262470168265, -129.80053297154436, -12.085660584904504]"
0,587,"[32.5129463020314, -4.222699088087115, -129.07055246633732, -12.068617912675295]"
0,588,"[32.809432086812194, -4.205239082617176, -128.79430885843823, -12.062087116743276]"
0,589,"[31.090439010070714, -5.709003809105242, -129.94562885895752, -12.964524814251794]"
0,590,"[30.903191854499898, -5.720166877200006, -130.12325460415238, -12.968498510553621]"
0,591,"[30.236087429850844, -5.759937479300596, -130.89170659641485, -13.075732047276533]"
0,592,"[27.076605151752588, -7.531403147444337, -138.21007288543828, -17.452858805681615]"
0,593,"[27.50930733339599, -7.5056068468078205, -137.7991091740002, -17.443336251627557]"
0,594,"[27.422943227697324, -7.510755594674876, -137.88113444431005, -17.445236881898758]"
0,595,"[27.809321712600543, -7.5174009347165756, -137.60340986764496, -17.527807071073592]"
0,596,"[27.137067828327325, -7.556998595442045, -138.24338815682506, -17.543146969612195]"
0,597,"[29.076954097680396, -7.44273379141955, -136.39663780713124, -17.49888146331396]"
0,598,"[35.96314244324684, -2.303208714615284, -126.39048383900315, -10.94307611988526]"
0,599,"[35.96691655451063, -2.3029836638737877, -126.38689919033088, -10.942993043715502]"
0,600,"[35.686848900619026, -2.289726144053901, -126.83728682700878, -11.042951907724289]"
0,601,"[35.340067230627916, -2.31065653115263, -127.16675651965365, -11.050850551296632]"
0,602,"[35.25658647609104, -2.315695103427213, -127.2460697617282, -11.052751991834862]"
0,603,"[35.5479902216599, -2.328193030828564, -126.79200780376281, -10.952298934621254]"
0,604,"[35.15725816160643, -2.321922397898622, -127.21320787105893, -10.962033646170166]"
0,605,"[34.465952424349176, -2.3346459799838195, -127.91704142968071, -10.978354599230983]"
0,606,"[33.34497327975688, -2.4031319874374315, -128.98016161409294, -11.002990548579687]"
0,607,"[24.29918134133622, -8.956497934658653, -138.6209730229232, -17.04232019448416]"
0,608,"[23.92837979936748, -8.979157253390023, -138.97241597643466, -17.050471258464935]"
0,609,"[24.34398057803091, -8.953760297221121, -138.71487792269122, -17.134919423680447]"
0,610,"[25.30385119230437, -7.699122858710814, -140.31990268865604, -17.706960901974103]"
0,611,"[25.272716925827076, -7.7010254432141885, -140.34944710682217, -17.707669729479097]"
0,612,"[25.117807138449503, -7.710491828462103, -140.4964465403771, -17.71119652906392]"
0,613,"[24.302856742296886, -7.760292648271629, -141.26978209675357, -17.729750338784132]"
0,614,"[24.845042872333646, -7.727160185372466, -140.89286806191217, -17.811828098329602]"
0,615,"[24.109642638792174, -7.77209977272819, -141.59155630472887, -17.829147742114717]"
0,616,"[23.634554241681336, -7.8011319589444446, -142.04292776508518, -17.840336699405054]"
0,617,"[23.71308612520531, -7.796332952527436, -141.96831627979884, -17.83848717014687]"
0,618,"[23.12393161861813, -7.832335606874294, -142.66755122571956, -17.94809212024188]"
0,619,"[22.748358613786532, -7.881316804478439, -142.74136076087424, -17.764193329691395]"
0,620,"[23.423393664271003, -7.841702236016067, -142.25768106070086, -17.84476242824851]"
0,621,"[22.835017454546925, -7.852344144262228, -142.8751113596333, -17.860073792230143]"
0,622,"[22.48219580019996, -7.849334436414951, -143.28526386566534, -17.869811065628582]"
0,623,"[28.859113467969376, -2.6550153938202037, -133.57268256811602, -11.30093335833169]"
0,624,"[28.829673467024183, -2.6568366211253673, -133.59939988013122, -11.30162641425871]"
0,625,"[28.028627300108447, -2.682153705369131, -134.4016439147406, -11.321528878749918]"
0,626,"[18.565085269609412, -9.359699317595254, -144.60719736262993, -17.467248993417932]"
0,627,"[17.83087066230655, -9.405661692992838, -145.3185897603392, -17.484522112961496]"
0,628,"[16.338042041954445, -9.499113864565587, -146.73395537483063, -17.519642372025967]"
0,629,"[17.03735488070187, -8.278687526719567, -148.72723387178604, -18.216942980515967]"
0,630,"[16.61052222030539, -8.305407565757147, -149.1324055277976, -18.227319113852875]"
0,631,"[16.140211096961924, -8.334849388610797, -149.57884919147773, -18.23875219144612]"
0,632,"[16.86056987486416, -8.289754398342874, -148.895047350508, -18.22124055416189]"
0,633,"[16.176314939232288, -8.332589261482813, -149.5445775554987, -18.237874521304796]"
0,634,"[16.49969531520724, -8.31234541167523, -149.23760816301197, -18.23001327212921]"
0,635,"[15.70822243117487, -8.361892197384847, -150.13678386424888, -18.350732163944357]"
0,636,"[15.833947537525466, -8.35402171309114, -150.0172955367261, -18.347577322617408]"
0,637,"[15.36300907694121, -8.404263682520154, -150.43323566857842, -18.358559358643102]"
0,638,"[14.33845206807577, -8.46767587842641, -151.55740755494367, -18.48678169975348]"
0,639,"[13.119253191714654, -8.543134908355952, -152.71883598028074, -18.518366347664177]"
0,640,"[12.468101824941874, -8.583436168000006, -153.20273363028915, -18.431284269701134]"
0,641,"[12.569687401010352, -8.577148802440878, -153.12088498328123, -18.428732270158058]"
0,642,"[12.147394300675742, -8.586170312097378, -153.57142745225593, -18.440632840779656]"
0,643,"[12.33443697182448, -8.575820319820338, -153.41436078122285, -18.43648410200441]"
0,644,"[12.342159955192665, -8.57533661714474, -153.5587193296679, -18.54039736607482]"
0,645,"[12.958299798780665, -7.988076603374165, -149.26196001360512, -15.598230603866527]"
0,646,"[12.354068909175906, -8.00920676664769, -150.03730599301298, -15.720591055073282]"
0,647,"[10.774944988405295, -8.109251182845759, -151.240620277168, -15.5492704961032]"
0,648,"[7.7928859754057465, -10.101368432465325, -155.52032956109446, -18.141829731366293]"
0,649,"[6.3476834717340065, -10.195668144589282, -156.91773863659935, -18.179863620335848]"
0,650,"[6.446210894167706, -10.17370390272997, -156.84804936822346, -18.177966857288975]"
0,651,"[14.279756612617255, -3.241684639825735, -148.15568731824143, -11.887613725386231]"
0,652,"[13.316780227941273, -3.3178284526074022, -149.0491528046872, -11.912643142176973]"
0,653,"[13.160950713507729, -3.32781589894636, -149.19730071164685, -11.916793336858493]"
0,654,"[4.327815172690038, -9.179085804110223, -161.48197314602612, -18.96458649775832]"
0,655,"[4.8134252810466975, -9.147962015292052, -161.18035086429197, -19.061491314776028]"
0,656,"[4.604954110464969, -9.161323377784733, -161.37878318646423, -19.06720665611197]"
0,657,"[12.715641872692876, -3.356356693468302, -149.78239420689957, -12.039648593782466]"
0,658,"[12.36927724350392, -3.3785559421813107, -150.11207978163162, -12.04914435320565]"
0,659,"[11.628753432655294, -3.438597069972028, -150.79032473966384, -12.068891892958602]"
0,660,"[11.120903746900842, -3.4707878301517536, -151.26636115868888, -12.082830638726465]"
0,661,"[11.028386721593925, -3.4766521507523898, -151.35448452472693, -12.08536991625508]"
0,662,"[10.726113685802511, -3.496337891220978, -151.65030288650874, -12.09389393153499]"
0,663,"[6.978596068618456, -6.227131467119105, -155.42740793342153, -14.242461790428337]"
0,664,"[6.19009959419337, -6.277693844513242, -156.34267270787785, -14.37710552112816]"
0,665,"[5.844325251162035, -6.299866642227155, -156.50456772334883, -14.273574362450848]"
0,666,"[8.66345186260696, -3.6257884919173757, -153.61572998755355, -12.146655152450984]"
0,667,"[8.782438065811501, -3.6081086558824333, -153.52705569077477, -12.144098861985933]"
0,668,"[8.1199682485339, -3.651544251778526, -153.9798520639092, -12.047611787183618]"
0,669,"[7.952053491983425, -3.6625537760169125, -154.3063353887956, -12.166836297712557]"
0,670,"[7.033883113367666, -3.722754673460373, -155.17825182532675, -12.191977467994203]"
0,671,"[6.395866650319637, -3.7652007008983044, -155.7829041099988, -12.209703828379425]"
0,672,"[5.971631820222232, -3.7930234855272227, -156.18578188896444, -12.221323212736976]"
0,673,"[5.062180777118975, -3.852668424385725, -157.04944887321304, -12.246232202934149]"
0,674,"[4.433349258657085, -3.8871042909866156, -157.66738917365976, -12.264054198178828]"
0,675,"[3.8495069286023345, -3.9264772322786277, -158.2198429771698, -12.280304804046754]"
0,676,"[5.669693600906248, -2.323529943506902, -155.47947181588523, -10.553475811258522]"
0,677,"[5.596648524046182, -2.3220351405298163, -155.56436931554836, -10.555924902043866]"
0,678,"[4.9706104899230885, -2.3640036435598204, -155.95169561975666, -10.454141331818935]"
0,679,"[4.476584874696884, -2.456367288397367, -159.92246644752947, -12.621388052900222]"
0,680,"[4.18493662464603, -2.4759188807907906, -160.1985042246484, -12.629136737914557]"
0,681,"[4.834124163643135, -2.43239847514067, -159.75693175690063, -12.730523162065326]"
0,682,"[3.8545871365022895, -2.9771953542025127, -157.37149650097044, -11.095075278859055]"
0,683,"[3.021006022953215, -3.0330771849905434, -158.16140844485852, -11.117873127049393]"
0,684,"[2.372925661142888, -3.0720512194329217, -158.599313887607, -11.015691161079614]"
0,685,"[2.6742588557374884, -3.056322513141128, -158.47407545012234, -11.127356414458529]"
0,686,"[3.9310730852953486, -2.972567579124518, -157.4796182256618, -11.212281442992586]"
0,687,"[3.3826997880276597, -3.0093395744745504, -158.00002896646004, -11.227711332008031]"
0,688,"[3.473144288438325, -3.0032746826114565, -157.72440137547378, -11.105714740050443]"
0,689,"[3.550340310472339, -2.998098187371043, -157.65124693653567, -11.103602909586323]"
0,690,"[3.090060753056744, -3.028962924639129, -158.08742864499936, -11.116194651566673]"
0,691,"[2.3826926403389215, -3.652932448582242, -160.55323477004382, -12.647051754308796]"
0,692,"[0.9147711478070706, -3.751366129738027, -161.94597357118224, -12.688355400761932]"
0,693,"[2.8676934524571265, -3.6204099904377003, -160.0809545835302, -12.633405042154822]"
0,694,"[3.0759742758211104, -3.606443406896156, -159.87097448637863, -12.62754453971313]"
0,695,"[2.3627675678916655, -3.403428266688796, -162.43592944272368, -13.600634629702846]"
0,696,"[1.7641207142979998, -3.4450382338922547, -163.00056793374551, -13.617700055472262]"
0,697,"[2.224157733648192, -3.4089127369574426, -162.3960695017339, -13.485520946520124]"
0,698,"[8.638626560446946, 0.6749036029247597, -152.6998868440829, -8.688429492227138]"
0,699,"[7.855655709080897, 0.6207034814729128, -153.61379956673727, -8.829446168740134]"
0,700,"[10.564361060531462, 0.8082100262820148, -151.0521600934401, -8.753403210032332]"
0,701,"[5.786391590669469, -3.162321810419654, -159.20171535706822, -13.505252472742788]"
0,702,"[5.2263831219333445, -3.2083850648423407, -159.72013466810083, -13.520641889822405]"
0,703,"[5.870445872821384, -3.1642488436582923, -159.11035364787432, -13.502540375762658]"
0,704,"[6.110301911174439, -3.1478120304029327, -159.05326449787174, -13.6124658368305]"
0,705,"[5.987470219748575, -3.156229419382046, -159.1696977725267, -13.616013839550545]"
0,706,"[4.366847156815436, -3.2672871973127875, -160.70590107648056, -13.662825659600461]"
0,707,"[8.480565776364871, 0.6397165488711927, -152.9607981819958, -8.806408174667522]"
0,708,"[7.98451126079336, 0.6057230105266409, -153.60446154004188, -8.939850414828022]"
0,709,"[8.730692377699482, 0.6568571814963475, -152.69996705555832, -8.799378315877318]"
0,710,"[8.772556753347628, 0.65972605621514, -152.66035082258006, -8.798201709120674]"
0,711,"[7.454163821359008, 0.5746625457120489, -154.08840456738315, -8.95534415273719]"
0,712,"[7.9884487066897885, 0.6173139960067097, -153.58875843016105, -8.940111123787643]"
0,713,"[7.699717953861312, 0.591827706822295, -153.8290899814212, -8.948189686283936]"
0,714,"[7.7240338914776645, 0.598981576404296, -153.61256282095096, -8.827956147897053]"
0,715,"[6.787867396514489, 0.5288156016341445, -154.48963141519084, -8.854018456824464]"
0,716,"[7.942481232783985, 0.6088104038703657, -153.5720557957488, -8.94111127114202]"
0,717,"[8.337210842843298, 0.642069085221878, -153.20474348762414, -8.929907090137904]"
0,718,"[8.259904107985138, 0.636657801353866, -153.0788581363065, -8.81284532989171]"
0,719,"[7.754639768568008, 0.6012905235353647, -153.7304909206918, -8.946715989997662]"
0,720,"[1.7159145255081516, -3.8942501392151865, -159.1631309630491, -11.634381753877264]"
0,721,"[1.1380909491844937, -3.9346963875641077, -159.70955400891776, -11.651053674368878]"
0,722,"[1.6593019890646268, -3.8982128794052375, -159.21666701776437, -11.636015193122544]"
0,723,"[3.272036147575228, -1.7439656271753528, -159.65010005449523, -11.385355893326066]"
0,724,"[2.713355458737976, -1.7869699294594352, -160.17306605762613, -11.401723238957551]"
0,725,"[4.027169660864328, -1.6913878631538797, -158.93892940188803, -11.36309827848207]"
0,726,"[4.1649559374812135, -1.681740356239359, -158.80843652308036, -11.359014223233535]"
0,727,"[3.5950448882845936, -1.7216443359591536, -159.52393484277127, -11.49652229929396]"
0,728,"[3.722012792367574, -1.7127543088632864, -159.4035435501264, -11.492659985914806]"
0,729,"[3.685250785010765, -1.7153283077322203, -159.4384013798895, -11.493778271625546]"
0,730,"[3.349242185010912, -1.7388549271563774, -159.7570055971202, -11.503999520221113]"
0,731,"[3.974247512885251, -1.6950933612709314, -159.16437394051232, -11.484987105569344]"
0,732,"[3.4273891824113214, -1.7333832378395535, -159.85881105315465, -11.622341189819714]"
0,733,"[2.865429832195475, -1.772730456227358, -160.19575732879048, -11.518716900465952]"
0,734,"[6.423139305362713, -1.5236270797156866, -156.82320337281047, -11.410492786690092]"
0,735,"[6.583275719257549, -3.095640465445791, -159.1291344343928, -13.951996694272289]"
0,736,"[7.282795123769301, -3.0461621306363207, -158.28529699877123, -13.814470849397797]"
0,737,"[8.401507429550602, -2.967033486507348, -157.22596703869743, -13.780468408486618]"
0,738,"[13.288169112552723, 0.9803214110261801, -148.78396177078025, -9.026827881608854]"
0,739,"[13.721388203314424, 1.0204236996166707, -148.55141041787695, -9.128953830504454]"
0,740,"[14.585422562075713, 1.0815564947564187, -147.73201852311337, -9.10201166105259]"
0,741,"[14.420683122592301, 1.0599478708899135, -148.03959368355882, -9.221033755158116]"
0,742,"[15.728950568406862, 1.1628037375770162, -146.80823361657482, -9.179584488319819]"
0,743,"[15.140124940374884, 1.1208032058533124, -147.37186012270934, -9.198556928693922]"
0,744,"[15.221270277439531, 1.126873305489359, -147.26601317546786, -9.195814949040727]"
0,745,"[14.224710778821633, 1.056343064265746, -148.02036253561062, -9.113123610296684]"
0,746,"[13.680558576730437, 1.0178313786824174, -148.53627948855834, -9.13009630648195]"
0,747,"[14.34876450650264, 1.0651228103322523, -148.06952245094186, -9.223708824174178]"
0,748,"[10.378938347680037, -2.471393813805376, -154.00838150035, -12.714529858148053]"
0,749,"[10.176621487371206, -2.485712534344366, -154.2004300224861, -12.72099789701591]"
0,750,"[9.178351503562332, -2.547166632878868, -155.1681719000262, -12.75359066059647]"
0,751,"[9.411379257456039, -2.5305081253081263, -155.11416157747718, -12.860760045516205]"
0,752,"[8.926580916528865, -2.565165013587203, -155.39096886209117, -12.761633077465905]"
0,753,"[10.685488802048804, -2.439425569089375, -153.72315884447772, -12.705447521333378]"
0,754,"[3.1609648560561023, -10.014648119573014, -165.100949216236, -20.80630729944454]"
0,755,"[4.0540290588445504, -9.950805437597474, -164.2531263674901, -20.777084919307377]"
0,756,"[4.402416199357253, -9.939307889276636, -163.90168416420124, -20.764971566056822]"
0,757,"[5.778979846622723, -9.841854203391517, -162.59338361225653, -20.719877645647458]"
0,758,"[5.260746990870409, -9.878542446641408, -163.08591756269425, -20.736854086364335]"
0,759,"[7.050660045886817, -9.767081284362073, -161.36120809012743, -20.67740756884235]"
0,760,"[9.654983008895623, -8.48381937220317, -161.54934200596324, -21.386589185029507]"
0,761,"[9.601780549241214, -8.487586969590495, -161.5999818110105, -21.388373982466454]"
0,762,"[10.352464723178706, -8.43442634974688, -160.88545657162882, -21.36319057556566]"
0,763,"[11.346597799684206, -8.379716735739345, -159.89323300882447, -21.32821970492115]"
0,764,"[10.42292797538241, -8.429436408179711, -160.97201467153738, -21.466257211970532]"
0,765,"[10.402086030410755, -8.430912356057537, -160.84857516946536, -21.36152591602659]"
0,766,"[18.925071080296778, -2.223718360363912, -147.6916455635794, -13.78097071455264]"
0,767,"[19.057013891604733, -2.2143746684671597, -147.72141856682245, -13.88311758578309]"
0,768,"[19.082991308001862, -2.212535045886116, -147.69670582397188, -13.882246114304039]"
0,769,"[19.089338603164308, -2.195521262953044, -147.71997643684279, -13.883066730434738]"
0,770,"[18.900446043170216, -2.225713052549772, -148.02900995145328, -13.995050893162336]"
0,771,"[18.479284438501306, -2.239418153761484, -148.4590903038472, -14.010550951024406]"
0,772,"[17.02233785304929, -2.343665951271214, -150.00343801513466, -14.168552611584328]"
0,773,"[16.423056772603523, -3.7183149194632863, -152.08119321237575, -16.015843741099825]"
0,774,"[17.097675181546833, -3.670044458490937, -151.27786554782057, -15.88595744601642]"
0,775,"[16.93711455720771, -3.6488590687890192, -151.32823593053132, -15.787152699870795]"
0,776,"[7.630085773708308, -11.755250788975747, -160.97931164075655, -22.37746522183852]"
0,777,"[7.123932211153137, -11.79182828137299, -161.4604900643551, -22.394816398167762]"
0,778,"[9.382531991549037, -11.61190308336663, -159.51948391694745, -22.421940025757525]"
0,779,"[13.022299637493408, -9.377717482982005, -156.4259263534881, -20.898670529691895]"
0,780,"[12.528906320305683, -9.413724241420605, -156.89515089426578, -20.915953990308708]"
0,781,"[12.399447902020471, -9.423171831877664, -156.87699644441892, -20.81765750348514]"
0,782,"[13.290985817417083, -9.358109356890138, -156.0303760058769, -20.78712006934657]"
0,783,"[12.810817209334738, -9.393151005162892, -156.63571504441393, -20.906070595795494]"
0,784,"[13.606383350426574, -9.335092339051442, -155.87933017262975, -20.878202135027767]"
0,785,"[15.261915787958111, -8.140170647052406, -156.78489084925593, -21.514936254665386]"
0,786,"[14.494958954505096, -8.215948275128925, -157.48361357599876, -21.540680194852634]"
0,787,"[13.657308033547405, -8.2770972206932, -158.28025842590947, -21.57003200578082]"
0,788,"[13.309259575444736, -8.302504936109925, -158.76143743224796, -21.685284854398617]"
0,789,"[13.226212634595225, -8.308567405258147, -158.84051299695116, -21.688259432183397]"
0,790,"[13.026774863412275, -8.32312646453738, -159.0304134823648, -21.695402900173168]"
0,791,"[12.486140716826203, -8.362593033692443, -159.54519403902128, -21.714767350033434]"
0,792,"[12.744131441542304, -8.343759578864129, -159.30930101274248, -21.705526630621375]"
0,793,"[13.262404750693316, -8.305925362276081, -158.675325518087, -21.58386966321454]"
0,794,"[12.927169597025717, -8.330397699916936, -159.14457166938993, -21.69897056455201]"
0,795,"[13.000946893516046, -8.325011919546984, -159.0743620004623, -21.69632800716318]"
0,796,"[12.52076936242054, -8.360065124856634, -159.53131972442995, -21.713527020180845]"
0,797,"[12.244625687195658, -8.380223754354635, -159.79410999916632, -21.723417942511386]"
0,798,"[19.55136341962737, -2.1480719703861424, -147.72816806013768, -14.189004164934245]"
0,799,"[18.671157686952995, -2.195521436902766, -148.7509963623176, -14.328364162541614]"
0,800,"[18.224283303866567, -2.228153815693851, -149.17690081133392, -14.344722805495065]"
0,801,"[18.785984011591513, -2.5394036814801026, -148.4468815771244, -14.430960417818026]"
0,802,"[18.07811049686405, -2.5915989875761145, -149.27560626702706, -14.563091579769152]"
0,803,"[18.295059508416887, -2.5756021748268947, -148.90167623699526, -14.448535660709553]"
0,804,"[19.391233645796607, -1.9515815357128325, -147.96045376512745, -14.127338543687568]"
0,805,"[18.99070910422501, -1.9808385116535485, -148.34208566530913, -14.142005093937426]"
0,806,"[19.187572709314736, -1.950079846804013, -148.182767150167, -14.135882301249099]"
0,807,"[18.91408598970233, -1.954102123749978, -148.4711045314638, -14.146963436473088]"
0,808,"[18.476247527501926, -1.9867078375187481, -148.71788385455852, -14.055830465440227]"
0,809,"[18.150687214197724, -2.010952227417069, -149.02713072776137, -14.06747995947009]"
0,810,"[17.81602903641744, -2.035874132861931, -149.50188510040695, -14.18710780809105]"
0,811,"[17.73624366923765, -2.041815727924471, -149.57776279914017, -14.19002471820228]"
0,812,"[17.267491131124594, -2.0767236047000464, -150.02355712364596, -14.207162058875346]"
0,813,"[16.86221637579464, -2.1069043078835605, -150.40898263306042, -14.22197868595163]"
0,814,"[17.368365142646773, -2.069211543905135, -149.913395350327, -14.20347415926957]"
0,815,"[17.22048793543633, -2.0802239201751345, -150.05398894787476, -14.208880470428861]"
0,816,"[17.0053232328588, -2.0814861187362523, -150.28496228240766, -14.217762195754647]"
0,817,"[16.682038142545633, -2.1057905509735986, -150.57735195429123, -14.229571869487806]"
0,818,"[15.788001229347868, -2.1730038565839873, -151.42642410604424, -14.262231229806709]"
0,819,"[15.587371371654024, -2.188087121872791, -151.6169634702062, -14.269560281567802]"
0,820,"[13.557421372798796, -3.4477827779957666, -156.1740085614522, -16.625480405867254]"
0,821,"[13.14354763995841, -3.4794481165581486, -156.57402098317417, -16.640866789446175]"
0,822,"[13.606315135840632, -3.4314457957006526, -156.3218464359288, -16.73437764372769]"
0,823,"[17.579053504490147, 0.12161873789103161, -149.7718643328406, -12.87512465313625]"
0,824,"[17.18522028954247, 0.07857103184464129, -150.1283031563047, -12.889109529798564]"
0,825,"[17.382588629485014, 0.10670451162098453, -149.77799707251364, -12.772114403961528]"
0,826,"[15.234665394929293, -1.2182195496589698, -152.88142327006602, -14.199329652180833]"
0,827,"[15.397594267720503, -1.1931634422240451, -152.74771668640858, -14.194183601097086]"
0,828,"[15.881826607116645, -1.1563919081204193, -152.28817832114913, -14.176497053150985]"
0,829,"[16.13690186219082, -0.6906234649002818, -153.51016908618533, -14.731596386995557]"
0,830,"[15.751568049653462, -0.707231273785293, -154.05667242569015, -14.857017738632937]"
0,831,"[15.28207683269345, -0.7555369891890437, -154.4830537832394, -14.873756748425931]"
0,832,"[14.948019726460425, -1.8239007887082974, -152.9870933315964, -14.49031668759097]"
0,833,"[14.547699916921385, -1.8543001906713692, -153.36688416108194, -14.504938337012437]"
0,834,"[14.189910860671485, -1.8814699011872016, -153.70632527595072, -14.518006554029594]"
0,835,"[17.739477238227604, 0.26639339794806516, -149.7104764563117, -12.856218677865085]"
0,836,"[17.326337279722345, 0.2215906229626863, -150.42689357062324, -13.091543913952211]"
0,837,"[17.464653032515404, 0.2320940156671907, -150.29531870976808, -13.086277360554087]"
0,838,"[15.145935083528956, -1.795804762564388, -152.9829222510456, -14.5940869700637]"
0,839,"[15.48775821213592, -1.769605352359396, -152.65849855028355, -14.58134681933552]"
0,840,"[15.124725169384236, -1.797430419796404, -153.00305254143208, -14.59487748855271]"
0,841,"[15.178704455491822, -1.793293117955336, -153.11217632283004, -14.702913455769474]"
0,842,"[15.032791118197288, -1.8174634364939635, -153.22770495101074, -14.707539113244339]"
0,843,"[14.787785084534143, -1.8232555637340533, -153.48363865668216, -14.717786457797391]"
0,844,"[13.856883020733344, -1.8946055777883513, -154.18992060792934, -14.642131459163695]"
0,845,"[14.6214663515511, -1.8360032462210616, -153.44795836987217, -14.613634537616674]"
0,846,"[14.243931482672016, -1.8651636659817876, -153.6304136359965, -14.517005339435196]"
0,847,"[14.554181389458304, -1.8287550841925435, -153.52020582812779, -14.61713617812934]"
0,848,"[18.868104502802126, 2.3166175493076113, -147.04484038764255, -10.830105613715798]"
0,849,"[18.403707858365735, 2.2930123198817425, -147.30453358323103, -10.736011435297563]"
0,850,"[18.18042701718399, 2.275577338965284, -147.51567605862235, -10.744150227938459]"
0,851,"[16.597106262646893, 1.5925573186475128, -149.1915797204115, -11.218535302446321]"
0,852,"[16.28057097934415, 1.5678405243423665, -149.49090698428023, -11.230073305531109]"
0,853,"[16.447749841739512, 1.5922650546124746, -149.3437661173777, -11.224401547622131]"
0,854,"[12.421387847846175, -1.9751542772662254, -155.56829348856894, -14.701917787324827]"
0,855,"[12.169443137758309, -1.995005199369519, -155.80663980477118, -14.711289140042943]"
0,856,"[12.666478393119196, -1.9670825168144705, -155.3153404607598, -14.691972124717216]"
0,857,"[12.582832191279852, -1.9624339503167063, -155.41556289733853, -14.695912692452492]"
0,858,"[12.231430842394397, -1.9901211393086276, -155.74799780730797, -14.708983441129366]"
0,859,"[11.81632574296825, -2.022827596969576, -156.12240106899097, -14.724423718880995]"
0,860,"[14.610055735594912, 0.07077092547673772, -152.57939323497854, -12.961019324102663]"
0,861,"[14.175266018202107, 0.03651350126541896, -152.98996815566295, -12.976855454435045]"
0,862,"[13.197116970113433, -0.04055563248320251, -153.91364102963234, -13.012482092302463]"
0,863,"[15.088506697478659, 2.0259062148357696, -150.54858764748, -10.980210367222055]"
0,864,"[15.682357634195748, 2.0722929607033898, -149.98651317567894, -10.958096756946157]"
0,865,"[15.445182333291212, 2.05376677891448, -150.21099742540858, -10.966928606568665]"
0,866,"[14.977728666798049, 2.017253147139516, -150.45696451218586, -10.869900506628948]"
0,867,"[14.636070138444403, 1.9905655958562627, -150.94698692619494, -10.997058039124976]"
0,868,"[15.111063923797571, 2.0376735515214017, -150.50531495521315, -10.979675904157034]"
0,869,"[14.765018811544548, 2.010399140055284, -150.8324851318906, -10.99255178612856]"
0,870,"[14.280298691602539, 1.9721947108375764, -151.2907663260621, -11.010587582134931]"
0,871,"[14.053210320266306, 1.9542961725843722, -151.50546822457395, -11.019037240757168]"
0,872,"[13.71193083844239, 1.927397376206046, -151.82813271082472, -11.031735799909349]"
0,873,"[13.450354921071792, 1.9067806157104483, -152.07544104164757, -11.041468694608335]"
0,874,"[13.565777162535804, 1.9158779085042534, -151.96631447463315, -11.037173985319411]"
0,875,"[13.405524453375683, 1.912037327907966, -152.1242945128474, -11.043391337850016]"
0,876,"[13.559872657055298, 1.9243114292348478, -151.9480085149488, -11.037652695243606]"
0,877,"[13.323879564288116, 1.905544750621074, -152.00225572316575, -10.93070059773421]"
0,878,"[14.215178827005502, 1.9857709020158236, -151.33613937438736, -11.013564719230859]"
0,879,"[13.865629548119475, 1.9491776365314608, -151.6526923198761, -11.02602672989984]"
0,880,"[13.430993956484897, 1.9146026202431845, -152.06331232851014, -11.042191959133747]"
0,881,"[13.239239581276092, 1.8993486677970468, -152.24447140687215, -11.04932380358348]"
0,882,"[12.93925448838143, 1.8754850227741755, -152.69689821150786, -11.176473257469432]"
0,883,"[12.78663022132021, 1.8633438483715408, -152.8412612982341, -11.182267791214727]"
0,884,"[11.707247459158326, 1.7774795581446863, -153.86221969695507, -11.22324764297662]"
0,885,"[11.488588320633518, 1.7600853469443478, -154.06904334817483, -11.231549257007572]"
0,886,"[11.344825341584874, 1.7486490830075532, -154.20502478685452, -11.237007363044455]"
0,887,"[11.29245186814241, 1.7444828027208037, -154.25456341157204, -11.23899577461926]"
0,888,"[11.005849762698723, 1.7216837668049851, -154.6968107531755, -11.36733849767907]"
0,889,"[11.32100950719425, 1.7467545468079797, -154.39835470736313, -11.355129423291178]"
0,890,"[11.106738430805315, 1.7297094034767762, -154.6012692588182, -11.363430139218567]"
0,891,"[11.170672139502186, 1.7347952939609192, -154.54072408379167, -11.360953390779063]"
0,892,"[11.01279528960339, 1.722236279554704, -154.69023334431458, -11.367069432685447]"
0,893,"[10.639221342189176, 1.699356422907583, -155.04841495968248, -11.381721727546816]"
0,894,"[10.366000109672658, 1.6774294961586582, -155.30695600739293, -11.39229798133061]"
0,895,"[10.781059013529429, 1.710739375107419, -155.08557570367003, -11.49384325537838]"
0,896,"[10.512418023850959, 1.6891800283166003, -155.13668802956838, -11.386630218966097]"
0,897,"[10.274251131692774, 1.6700663307819261, -155.5657233606318, -11.513853101299784]"
0,898,"[9.913406707809266, 1.6411073469673236, -155.70333284132158, -11.409817639795259]"
0,899,"[9.677791914619924, 1.6164766794111107, -155.9172852091477, -11.41857268967356]"
0,900,"[9.579888761200934, 1.6086858496096597, -156.010001720767, -11.422366700892118]"
0,901,"[5.037396978960889, -2.7978800628079457, -160.7762407395638, -14.214685204420746]"
0,902,"[5.781158765251156, -2.7386938028413006, -160.07104314134486, -14.1852871385889]"
0,903,"[6.293252730347508, -2.697942950748297, -159.58550134435416, -14.165046017875929]"
0,904,"[8.707906985960955, -0.37669238064097427, -158.56432609336068, -13.516867913074579]"
0,905,"[8.501258336150068, -0.3863273511486593, -158.77037674707515, -13.525302342528539]"
0,906,"[8.255790654171275, -0.40603379918974414, -158.97607436688762, -13.534807568593562]"
0,907,"[5.637236541746905, -2.2327820369276887, -164.36568776181795, -16.256708151415282]"
0,908,"[5.219874077049182, -2.2662884099808034, -164.56952860614177, -16.15536626748663]"
0,909,"[5.88493843147176, -2.2128962239351537, -163.9405890537062, -16.129613031925786]"
0,910,"[10.253186364306124, 1.661803964406852, -155.3183955575021, -11.403844332783606]"
0,911,"[10.015452335393524, 1.642718383565425, -155.54321640791864, -11.41305008919906]"
0,912,"[10.259173256367324, 1.6622845994801967, -155.51710281232263, -11.521615942748527]"
0,913,"[9.856593357202588, 1.6299649890071548, -155.69344652321405, -11.419201573125543]"
0,914,"[10.58425413608839, 1.6883824931569975, -155.0053106434995, -11.391024421061358]"
0,915,"[10.9138445160308, 1.714842415069397, -154.69362287273026, -11.37826171826906]"
0,916,"[10.962118298618156, 1.7187178938315526, -154.81911400003858, -11.49384334819631]"
0,917,"[10.648395990446403, 1.6935318802778416, -155.1161489087959, -11.506234047988393]"
0,918,"[10.530944238791424, 1.6841027088990888, -155.22735321090474, -11.510872893734785]"
0,919,"[10.432829294643573, 1.6762259202590648, -155.32024926172284, -11.514748017646559]"
0,920,"[10.893906078474359, 1.7132417327288174, -155.08711769347173, -11.614023431309533]"
0,921,"[10.70435634069762, 1.6915976763304976, -155.0531239478332, -11.503604985384394]"
0,922,"[10.801816216939313, 1.6993559263591378, -154.96074508166402, -11.499751435636234]"
0,923,"[10.584798947306115, 1.6820803632938643, -155.16644829083015, -11.50833226784114]"
0,924,"[10.193674302937445, 1.6509450602297622, -155.53718189496493, -11.523797281064299]"
0,925,"[9.767254994569988, 1.617000141162246, -156.11382190937348, -11.659007122821198]"
0,926,"[9.887636930829137, 1.6329076701943475, -156.00345003220275, -11.654318490114902]"
0,927,"[9.562717630452608, 1.6007180354156072, -156.30792642878123, -11.667252744998367]"
0,928,"[9.35560018284271, 1.5842305432720056, -156.50447942926968, -11.675602379436357]"
0,929,"[9.313181890609322, 1.5808538540166406, -156.544734090141, -11.677312410328105]"
0,930,"[9.129719325554458, 1.572039855348823, -156.72215722452478, -11.684849401924598]"
0,931,"[9.289580135459268, 1.5848781614003302, -156.57056671778707, -11.678409788627501]"
0,932,"[9.720368920599867, 1.6194744972407722, -156.16206453219658, -11.661056484896065]"
0,933,"[9.47342224761579, 1.599642388495303, -156.39623556709336, -11.671004145488858]"
0,934,"[9.310003988321908, 1.5865183862556758, -156.55119948070862, -11.677587062190982]"
0,935,"[9.032782208411957, 1.5642549055642747, -156.81407935802375, -11.688754283608263]"
0,936,"[8.869255265639216, 1.5511221750330468, -157.14257394656158, -11.81436052923193]"
0,937,"[8.804309254301844, 1.5514610051320352, -157.2072942955899, -11.817159302864233]"
0,938,"[8.601873089368562, 1.5350610600635473, -157.39933881417716, -11.82546409637849]"
0,939,"[8.858612861999596, 1.555860299020839, -156.94915024639616, -11.695901836044051]"
0,940,"[7.930214016500371, 1.4806479965508093, -157.62023186170117, -11.613497114978893]"
0,941,"[7.888226819780357, 1.4772464910934469, -157.83451897403123, -11.734961688162752]"
0,942,"[7.618159255784197, 1.4600822886240048, -158.09242849046558, -11.74592495201577]"
0,943,"[7.139822913148615, 1.4209947978068591, -158.54503049691968, -11.765164239056286]"
0,944,"[6.987930504847365, 1.4085828345385938, -158.68875114416028, -11.77127354203436]"
0,945,"[6.710881922060487, 1.3859436725716858, -158.95089460531503, -11.782416783166815]"
0,946,"[6.556710201256988, 1.373345454154982, -159.09677193880316, -11.78861776294963]"
0,947,"[7.265637680930603, 1.4312758137824453, -158.4259845218095, -11.760103811454327]"
0,948,"[7.081844960708642, 1.4162571007481164, -158.5998892547967, -11.767496184947891]"
0,949,"[6.92108461097376, 1.403120489259638, -158.7520007511705, -11.773962167641663]"
0,950,"[6.85591085599258, 1.3977947836372941, -158.60346515727807, -11.655977818593456]"
0,951,"[7.386392292804905, 1.4369772823448252, -158.30520614178502, -11.75496974247442]"
0,952,"[6.91329966359162, 1.39863712514626, -158.71890228208775, -11.774019333250722]"
0,953,"[6.032547029957934, 1.3272595717002895, -159.7642621637371, -11.930693013036748]"
0,954,"[2.1322780449229426, -2.2031694547511447, -165.95535912851443, -15.287020332849107]"
0,955,"[2.1456713106729137, -2.2020840438135236, -166.143814506649, -15.407176606891372]"
0,956,"[2.2732402828128553, -2.1883446875536934, -165.83287814414513, -15.281812164480131]"
0,957,"[1.4905586961622397, -2.252324612305946, -166.57346936476966, -15.31330377756161]"
0,958,"[3.2063788264101634, -2.1120657322019136, -164.94992110925196, -15.244266835105346]"
0,959,"[3.2928508143341997, -2.104997121703188, -165.04269238885013, -15.360606349893187]"
0,960,"[5.555291358805249, 0.10587503843479579, -161.62548658675763, -13.369989709779189]"
0,961,"[5.419899545279419, 0.09480750064011846, -161.75359741771607, -13.375437271953482]"
0,962,"[5.340956907519623, 0.08835437320009529, -162.00378558576313, -13.499048460412816]"
0,963,"[-7.332605993652682, -10.59205502876673, -180.5599031123, -24.0265451893309]"
0,964,"[-7.001518405704322, -10.56499043529138, -180.41835980080154, -24.131084032546603]"
0,965,"[-7.098002984474283, -10.572877520147777, -180.50976426376286, -24.135040634666932]"
0,966,"[2.043073823669442, -2.6237792621890894, -165.6063412448259, -15.307932591962457]"
0,967,"[1.9751416832277608, -2.6293323418933374, -165.67069661533222, -15.310718326784915]"
0,968,"[1.8867733606909303, -2.636555967340544, -165.75441216000522, -15.314342100622932]"
0,969,"[-7.369833597436013, -10.59509818108996, -180.76728242377317, -24.146187758832518]"
0,970,"[-6.867251120989019, -10.554014821556125, -180.2911619707531, -24.125578051900092]"
0,971,"[-6.9474510486014465, -10.560570725542235, -180.36713920365816, -24.128866859372607]"
0,972,"[-7.133531473420983, -10.575781779156987, -180.54342210311293, -24.136497573138243]"
0,973,"[-7.129916128540889, -10.575486244552204, -180.53999711373746, -24.13634931648002]"
0,974,"[-7.152580150510175, -10.577338903979628, -180.5614678273277, -24.137278713887582]"
0,975,"[-7.1945044674802645, -10.580765986832711, -180.60118474091664, -24.138997929989596]"
0,976,"[-7.173411408549175, -10.57904174501302, -180.58120227585968, -24.13813295402396]"
0,977,"[-7.039352700421877, -10.568083181269273, -180.45420204040363, -24.132635526605124]"
0,978,"[2.2538364229723262, -2.6065505762534804, -165.4066757392373, -15.299289721175045]"
0,979,"[2.2633047948654417, -2.6057765888088027, -165.3977058970196, -15.298901445859073]"
0,980,"[2.207922884171902, -2.6103037561003855, -165.45017183374492, -15.301172525735995]"
0,981,"[2.2418497035151246, -2.6075304247921176, -165.41803133272822, -15.299781267909504]"
0,982,"[1.272451100410537, -2.6867734410319475, -166.33638906244872, -15.339533989198019]"
0,983,"[2.39418210787554, -2.5950780866580154, -165.27371954954296, -15.293534479855184]"
0,984,"[2.3746231041362784, -2.5966769278838866, -165.29224873063737, -15.294336547881521]"
0,985,"[-6.89406728921062, -10.556206896154816, -180.31656621137088, -24.12667771890799]"
0,986,"[-6.871188621309729, -10.554336690600355, -180.12229021225536, -24.007979814079032]"
0,987,"[-6.906943211433323, -10.557259432140043, -180.15611073985156, -24.009418419173706]"
0,988,"[-6.778691118240941, -10.546775527303492, -180.03479614941472, -24.004258127473236]"
0,989,"[-6.159331153899828, -10.496146248949469, -179.44893904145846, -23.97933784739017]"
0,990,"[-6.186587137389179, -10.498374276032818, -179.64554319510933, -24.09766564770999]"
0,991,"[7.267980236334897, 1.411871177969902, -158.28915917260593, -11.756257469331926]"
0,992,"[7.181820860304693, 1.4048281217780432, -158.58096740468497, -11.880029931294372]"
0,993,"[7.478486038659628, 1.4290788721617178, -158.3000158929989, -11.867864400919784]"
0,994,"[7.462642635312429, 1.4277837608785824, -158.10508843334927, -11.748425123388607]"
0,995,"[7.4430741007753, 1.4261841405622862, -158.33355214263733, -11.869316559910413]"
0,996,"[7.432971746627384, 1.425358328547249, -158.13314491700172, -11.749618947495613]"
0,997,"[7.502483407480969, 1.43104052537757, -158.2772896091653, -11.866880326142537]"
0,998,"[7.509167843867511, 1.4315869413714, -158.06109468017564, -11.746553156689323]"
0,999,"[7.456075652930958, 1.4272469461051396, -158.3212392525548, -11.868783397310935]"
