i,j,f_learnt
0,0,"[1.953294287426117, -103.4460908437297, -1.9532942874261112, 103.4460908437297]"
0,1,"[1.9535453706868833, -103.45938816506515, -1.9535453706868775, 103.45938816506515]"
0,2,"[1.5345629179646447, -102.91409798951995, -1.5345629179646416, 102.91409798951995]"
0,3,"[1.5415460773716594, -103.38241736768082, -1.5415460773716563, 103.38241736768082]"
0,4,"[1.5420966234951188, -103.41933925405912, -1.5420966234951154, 103.41933925405912]"
0,5,"[1.9491554124372725, -103.0086062106104, -1.9491554124372734, 103.0086062106104]"
0,6,"[1.9468495340730585, -102.8867455755511, -1.9468495340730596, 102.8867455755511]"
0,7,"[1.9467249463934873, -102.88016138880963, -1.9467249463934884, 102.88016138880963]"
0,8,"[1.0590581084714097, -90.59109202580312, -1.0590581084714104, 90.59109202580312]"
0,9,"[0.7985301819905807, -68.30571488329518, -0.7985301819905813, 68.30571488329518]"
0,10,"[0.5689425826419577, -48.666951746309294, -0.5689425826419582, 48.666951746309294]"
0,11,"[0.48357710275629945, -41.36484812962443, -0.4835771027562998, 41.36484812962443]"
0,12,"[0.2946327364620326, -25.202678804065588, -0.2946327364620328, 25.202678804065588]"
0,13,"[0.08151410441584259, -6.972659644894141, -0.08151410441584264, 6.972659644894141]"
0,14,"[-0.016342026266921505, 1.397885530163753, 0.01634202626692152, -1.397885530163753]"
0,15,"[-0.225375913610746, 19.27849847614072, 0.22537591361074616, -19.27849847614072]"
0,16,"[-0.35977696090984557, 30.775070332627983, 0.35977696090984584, -30.775070332627983]"
0,17,"[-0.38433702866132086, 32.875921400229174, 0.38433702866132113, -32.875921400229174]"
0,18,"[-0.48903041115352186, 41.8313203268591, 0.4890304111535222, -41.8313203268591]"
0,19,"[-0.49648696453754676, 42.46914870322883, 0.49648696453754715, -42.46914870322883]"
0,20,"[0.5550299728694914, 45.64166249888959, -0.5550299728694946, -45.64166249888959]"
0,21,"[0.5727412861823149, 47.09811318470878, -0.5727412861823182, -47.09811318470878]"
0,22,"[0.5780835349568038, 47.53742119953496, -0.5780835349568071, -47.53742119953496]"
0,23,"[0.6082203301443586, 50.0156539112519, -0.6082203301443622, -50.0156539112519]"
0,24,"[0.5320710825417302, 43.753688921046255, -0.5320710825417332, -43.753688921046255]"
0,25,"[0.5181023291792426, 42.60499937693978, -0.5181023291792456, -42.60499937693978]"
0,26,"[-1.9668096064098626, 43.619136420104645, 1.9668096064098601, -43.619136420104645]"
0,27,"[-1.838037132009234, 40.763270702482686, 1.8380371320092315, -40.763270702482686]"
0,28,"[-1.5633761019976649, 34.671945493211524, 1.5633761019976629, -34.671945493211524]"
0,29,"[-1.4484024232197612, 32.122104083554724, 1.4484024232197594, -32.122104083554724]"
0,30,"[0.325697787248606, 26.7830373292857, -0.3256977872486079, -26.7830373292857]"
0,31,"[0.3205822086072855, 26.3623690316322, -0.3205822086072873, -26.3623690316322]"
0,32,"[0.316315629861505, 26.011516363022103, -0.3163156298615068, -26.011516363022103]"
0,33,"[-0.24136050165370515, 20.645808989899326, 0.24136050165370532, -20.645808989899326]"
0,34,"[-0.20276007071699512, 17.34395504699308, 0.20276007071699528, -17.34395504699308]"
0,35,"[-0.18552275991957679, 15.869487502449987, 0.18552275991957692, -15.869487502449987]"
0,36,"[-0.0953220558596287, 16.841172784046623, 0.09532205585962789, -16.841172784046623]"
0,37,"[-0.07735816061335415, 13.667373593620708, 0.07735816061335349, -13.667373593620708]"
0,38,"[-0.05975711551263753, 10.557681518184594, 0.059757115512637016, -10.557681518184594]"
0,39,"[-0.757663831376648, 9.098697935198517, 0.7576638313766483, -9.098697935198517]"
0,40,"[-0.9138380312821519, 10.974175965645895, 0.9138380312821524, -10.974175965645895]"
0,41,"[-1.3366430369730915, 16.051592720886717, 1.3366430369730922, -16.051592720886717]"
0,42,"[-0.8230236381203277, 16.786387187644365, 0.8230236381203292, -16.786387187644365]"
0,43,"[-0.8821416426662595, 17.99215779750848, 0.8821416426662609, -17.99215779750848]"
0,44,"[-0.9894702171566918, 20.181231020009193, 0.9894702171566935, -20.181231020009193]"
0,45,"[-1.0681772352028553, 21.78653907935639, 1.0681772352028571, -21.78653907935639]"
0,46,"[-1.1851249044765584, 24.17180332474851, 1.1851249044765604, -24.17180332474851]"
0,47,"[-1.2278438166895882, 25.04309810588099, 1.2278438166895904, -25.04309810588099]"
0,48,"[-0.7198033049065348, 23.90650859727238, 0.719803304906536, -23.90650859727238]"
0,49,"[-0.9313830792942928, 30.93361400361207, 0.9313830792942942, -30.93361400361207]"
0,50,"[-0.9226092698326067, 30.642213353049815, 0.9226092698326083, -30.642213353049815]"
0,51,"[-0.27016824236255915, 31.821172094235415, 0.2701682423625611, -31.821172094235415]"
0,52,"[-0.27900732245084603, 32.86226369769135, 0.279007322450848, -32.86226369769135]"
0,53,"[-0.3176831506837403, 37.41761104467684, 0.3176831506837426, -37.41761104467684]"
0,54,"[-0.33670429231096694, 39.65797436738203, 0.3367042923109694, -39.65797436738203]"
0,55,"[-0.3393580230486452, 39.9705382044821, 0.33935802304864765, -39.9705382044821]"
0,56,"[-0.332046191245965, 39.109330180613206, 0.3320461912459674, -39.109330180613206]"
0,57,"[-0.35775024342281403, 42.136825420934876, 0.3577502434228166, -42.136825420934876]"
0,58,"[0.39661703626174727, 41.7918998665553, -0.3966170362617453, -41.7918998665553]"
0,59,"[0.43312632166682197, 45.638916661974605, -0.43312632166681986, -45.638916661974605]"
0,60,"[0.4310972605858834, 45.425112640047146, -0.4310972605858812, -45.425112640047146]"
0,61,"[0.45142832231353675, 47.56741520957697, -0.4514283223135345, -47.56741520957697]"
0,62,"[0.44981207677495433, 47.39710993891878, -0.4498120767749521, -47.39710993891878]"
0,63,"[0.4590353715904293, 48.36897694947671, -0.45903537159042707, -48.36897694947671]"
0,64,"[0.4675721361502036, 49.26850363907407, -0.4675721361502013, -49.26850363907407]"
0,65,"[0.4543937922619909, 47.87988949033702, -0.45439379226198867, -47.87988949033702]"
0,66,"[0.4849973652508323, 51.104615966948614, -0.4849973652508299, -51.104615966948614]"
0,67,"[0.48004690980610015, 50.582981948929394, -0.48004690980609777, -50.582981948929394]"
0,68,"[0.48594839765529174, 51.20482712124404, -0.4859483976552893, -51.20482712124404]"
0,69,"[0.4681141104795968, 49.32561196986523, -0.4681141104795945, -49.32561196986523]"
0,70,"[1.5152662619921637, 48.72235502573701, -1.5152662619921615, -48.72235502573701]"
0,71,"[1.6191589288652242, 52.06295299648893, -1.6191589288652217, -52.06295299648893]"
0,72,"[1.5308605980186816, 49.22378028368192, -1.5308605980186794, -49.22378028368192]"
0,73,"[0.6025632002320458, 48.827602487622485, -0.6025632002320428, -48.827602487622485]"
0,74,"[0.5908452980899891, 47.87806380427629, -0.5908452980899861, -47.87806380427629]"
0,75,"[0.5787126627326008, 46.89491797637028, -0.5787126627325979, -46.89491797637028]"
0,76,"[0.4354047944276364, 46.26906938675296, -0.4354047944276388, -46.26906938675296]"
0,77,"[0.4116292069374651, 43.7425140493464, -0.41162920693746735, -43.7425140493464]"
0,78,"[0.40230548487320134, 42.75171204473981, -0.40230548487320356, -42.75171204473981]"
0,79,"[0.40109870761708283, 42.62347170078333, -0.40109870761708505, -42.62347170078333]"
0,80,"[-0.8271964222105207, 43.71552415503015, 0.8271964222105211, -43.71552415503015]"
0,81,"[-0.8208717664227176, 43.38127991093018, 0.8208717664227181, -43.38127991093018]"
0,82,"[-0.8081548688821568, 42.70921965210336, 0.8081548688821573, -42.70921965210336]"
0,83,"[-0.7868812853469156, 41.584957227933664, 0.786881285346916, -41.584957227933664]"
0,84,"[-0.7504383347301088, 39.65902688636827, 0.7504383347301092, -39.65902688636827]"
0,85,"[-0.7568984897142933, 40.00043196704024, 0.7568984897142937, -40.00043196704024]"
0,86,"[-0.7519421374305807, 39.73849957448895, 0.7519421374305811, -39.73849957448895]"
0,87,"[-0.7184555820533565, 37.96880826398997, 0.7184555820533569, -37.96880826398997]"
0,88,"[-0.7332813356043905, 38.75231695681626, 0.7332813356043908, -38.75231695681626]"
0,89,"[-0.7129298428145369, 37.67678501451375, 0.7129298428145372, -37.67678501451375]"
0,90,"[-0.7260825487639955, 38.37187679586001, 0.7260825487639958, -38.37187679586001]"
0,91,"[-0.6907572662905566, 36.50501277446575, 0.6907572662905569, -36.50501277446575]"
0,92,"[-0.6698901502838106, 35.40223127137245, 0.6698901502838109, -35.40223127137245]"
0,93,"[-0.6864761649858996, 36.27876592127731, 0.6864761649858999, -36.27876592127731]"
0,94,"[-0.6721000522739655, 35.51901976469391, 0.672100052273966, -35.51901976469391]"
0,95,"[-0.5175320049351871, 34.75444974259898, 0.5175320049351863, -34.75444974259898]"
0,96,"[-0.5424191387264476, 36.42572539770367, 0.5424191387264468, -36.42572539770367]"
0,97,"[-0.5324867416529708, 35.75872318021392, 0.5324867416529698, -35.75872318021392]"
0,98,"[-0.5314992529463475, 35.69240916233975, 0.5314992529463465, -35.69240916233975]"
0,99,"[-0.5245912007631305, 35.22850441803136, 0.5245912007631296, -35.22850441803136]"
0,100,"[-0.519038606489898, 34.855624370479, 0.5190386064898971, -34.855624370479]"
0,101,"[-0.5069802315380207, 34.04585380122712, 0.5069802315380199, -34.04585380122712]"
0,102,"[-0.4875038426231843, 32.73793241036983, 0.4875038426231834, -32.73793241036983]"
0,103,"[-0.46763714781687515, 31.403800338124572, 0.4676371478168743, -31.403800338124572]"
0,104,"[-0.4816117737020977, 32.34225521312387, 0.48161177370209685, -32.34225521312387]"
0,105,"[-0.45686823190808595, 30.680622364269293, 0.4568682319080852, -30.680622364269293]"
0,106,"[-0.4442862562265468, 29.835689804897594, 0.44428625622654605, -29.835689804897594]"
0,107,"[-0.3861875318722779, 25.934116227950554, 0.3861875318722772, -25.934116227950554]"
0,108,"[-0.6564376459328117, 28.86211488126819, 0.6564376459328112, -28.86211488126819]"
0,109,"[-0.6633265137662414, 29.165003199819424, 0.6633265137662409, -29.165003199819424]"
0,110,"[-0.671056930466028, 29.504892565171502, 0.6710569304660274, -29.504892565171502]"
0,111,"[-0.4312652926638604, 28.96127736388098, 0.4312652926638596, -28.96127736388098]"
0,112,"[-0.4386582759453013, 29.45774726999798, 0.43865827594530055, -29.45774726999798]"
0,113,"[-0.425354365924395, 28.564333784856025, 0.42535436592439424, -28.564333784856025]"
0,114,"[-0.404549852285131, 27.167223235556634, 0.4045498522851303, -27.167223235556634]"
0,115,"[-0.40318619894238433, 27.075648181038503, 0.4031861989423836, -27.075648181038503]"
0,116,"[-0.3739404766143772, 25.111674982971227, 0.3739404766143765, -25.111674982971227]"
0,117,"[-0.5355086187001066, 23.54513238019514, 0.5355086187001062, -23.54513238019514]"
0,118,"[-0.48931828061818017, 21.514245132358003, 0.4893182806181798, -21.514245132358003]"
0,119,"[-0.516959107079356, 22.729551283183653, 0.5169591070793557, -22.729551283183653]"
0,120,"[-0.3376327562365086, 22.67345892848973, 0.337632756236508, -22.67345892848973]"
0,121,"[-0.32927102671280634, 22.111933639770413, 0.3292710267128057, -22.111933639770413]"
0,122,"[-0.34263671903877824, 23.00949606641919, 0.3426367190387776, -23.00949606641919]"
0,123,"[-0.1274727267932298, 22.442140128799537, 0.12747272679322944, -22.442140128799537]"
0,124,"[-0.12246239788600594, 21.560049455320154, 0.12246239788600559, -21.560049455320154]"
0,125,"[-0.11692665873062046, 20.585457972365845, 0.11692665873062011, -20.585457972365845]"
0,126,"[-0.34462646085318477, 23.143115593772286, 0.3446264608531842, -23.143115593772286]"
0,127,"[-0.34022569948301973, 22.84758596775867, 0.3402256994830191, -22.84758596775867]"
0,128,"[-0.4017737341587204, 26.98079523306829, 0.4017737341587197, -26.98079523306829]"
0,129,"[-0.3767599780579673, 25.301016357583816, 0.3767599780579666, -25.301016357583816]"
0,130,"[-0.39621786105092666, 26.60769499799151, 0.39621786105092593, -26.60769499799151]"
0,131,"[-0.38737030537408623, 26.01354444076345, 0.38737030537408557, -26.01354444076345]"
0,132,"[-0.3208035753805076, 21.543308687168434, 0.320803575380507, -21.543308687168434]"
0,133,"[-0.2281796097767745, 19.535037107226387, 0.22817960977677337, -19.535037107226387]"
0,134,"[-0.293256756017196, 25.106457217387476, 0.2932567560171945, -25.106457217387476]"
0,135,"[-0.2974645096271696, 25.466693712617328, 0.2974645096271681, -25.466693712617328]"
0,136,"[-0.36494794410407455, 24.50778862191972, 0.3649479441040739, -24.50778862191972]"
0,137,"[-0.34180630796545336, 22.953730471947054, 0.3418063079654528, -22.953730471947054]"
0,138,"[-0.32602983894339815, 21.89427425568589, 0.3260298389433976, -21.89427425568589]"
0,139,"[-0.2779279615100389, 23.794120108040556, 0.2779279615100375, -23.794120108040556]"
0,140,"[-0.2875653861377007, 24.61920455753913, 0.2875653861376993, -24.61920455753913]"
0,141,"[-0.36828560605692573, 31.529868016768344, 0.3682856060569239, -31.529868016768344]"
0,142,"[-0.45899510459440335, 30.823450806144653, 0.4589951045944025, -30.823450806144653]"
0,143,"[-0.4449419749348024, 29.879724072680133, 0.44494197493480164, -29.879724072680133]"
0,144,"[-0.4328018740507584, 29.064465263522177, 0.4328018740507576, -29.064465263522177]"
0,145,"[-0.5859982462198194, 30.968727377919276, 0.5859982462198198, -30.968727377919276]"
0,146,"[-0.5814048295451221, 30.725975339582067, 0.5814048295451224, -30.725975339582067]"
0,147,"[-0.5275563485370752, 27.88020073392273, 0.5275563485370754, -27.88020073392273]"
0,148,"[-0.5054422450593327, 26.711518666651823, 0.5054422450593329, -26.711518666651823]"
0,149,"[-0.5023764754088778, 26.5494994368659, 0.5023764754088781, -26.5494994368659]"
0,150,"[-0.4808971207522612, 25.414362458375912, 0.4808971207522615, -25.414362458375912]"
0,151,"[-0.45746999223163265, 24.176289885492015, 0.4574699922316329, -24.176289885492015]"
0,152,"[-0.5074084439787585, 26.815427984980428, 0.5074084439787588, -26.815427984980428]"
0,153,"[-0.5044812379092822, 26.66073153779926, 0.5044812379092826, -26.66073153779926]"
0,154,"[-0.4979482661890443, 26.315478251672854, 0.4979482661890446, -26.315478251672854]"
0,155,"[-0.47012348373219864, 24.84499927359631, 0.4701234837321989, -24.84499927359631]"
0,156,"[-0.4470401105762656, 23.625093420907614, 0.44704011057626586, -23.625093420907614]"
0,157,"[-0.4237568261350082, 22.394622693434876, 0.4237568261350084, -22.394622693434876]"
0,158,"[-0.41760877808712965, 22.069711782644063, 0.4176087780871299, -22.069711782644063]"
0,159,"[-0.4586168168534007, 24.23689706186315, 0.458616816853401, -24.23689706186315]"
0,160,"[-0.41498330055315913, 21.93096102953023, 0.41498330055315935, -21.93096102953023]"
0,161,"[-0.306161577639854, 20.560036986566033, 0.3061615776398535, -20.560036986566033]"
0,162,"[-0.3316876980005424, 22.27422327599209, 0.33168769800054176, -22.27422327599209]"
0,163,"[-0.2618687787853986, 17.585589344552087, 0.2618687787853981, -17.585589344552087]"
0,164,"[-0.31077636648773255, 16.423852172500588, 0.3107763664877327, -16.423852172500588]"
0,165,"[-0.2878449192173406, 15.211975271026887, 0.2878449192173408, -15.211975271026887]"
0,166,"[-0.240667622194191, 12.718758167798585, 0.2406676221941911, -12.718758167798585]"
0,167,"[-0.22138742741836248, 11.699841985612881, 0.22138742741836262, -11.699841985612881]"
0,168,"[-0.23401848411923498, 12.367365743555368, 0.2340184841192351, -12.367365743555368]"
0,169,"[-0.2108342765992618, 11.142131014969126, 0.2108342765992619, -11.142131014969126]"
0,170,"[-0.2080131135587943, 10.993038710252351, 0.20801311355879443, -10.993038710252351]"
0,171,"[-0.18414170689628664, 9.731487007960514, 0.18414170689628676, -9.731487007960514]"
0,172,"[-0.15919673243918675, 8.41319959260654, 0.15919673243918683, -8.41319959260654]"
0,173,"[-0.13497157404216048, 7.132952883808379, 0.13497157404216054, -7.132952883808379]"
0,174,"[-0.13600516920444486, 7.187576130561091, 0.13600516920444494, -7.187576130561091]"
0,175,"[-0.111694934066071, 5.902833301806955, 0.11169493406607107, -5.902833301806955]"
0,176,"[-0.08827832291363125, 4.665316548859846, 0.08827832291363129, -4.665316548859846]"
0,177,"[-0.09724120709816006, 5.138985401319886, 0.09724120709816012, -5.138985401319886]"
0,178,"[-0.08318790648116264, 4.396299158869116, 0.08318790648116269, -4.396299158869116]"
0,179,"[-0.060270980545178765, 3.1851896782014446, 0.0602709805451788, -3.1851896782014446]"
0,180,"[-0.03279160002393808, 1.7329644379962363, 0.0327916000239381, -1.7329644379962363]"
0,181,"[-0.008823317106283058, 0.46629303721655047, 0.008823317106283061, -0.46629303721655047]"
0,182,"[-0.0490281742561506, 2.591031922314472, 0.04902817425615063, -2.591031922314472]"
0,183,"[-0.03066044676952044, 1.6203376433558516, 0.03066044676952046, -1.6203376433558516]"
0,184,"[-0.04952426845312477, 2.6172494170577885, 0.0495242684531248, -2.6172494170577885]"
0,185,"[-0.02691078132638869, 1.4221760146891467, 0.026910781326388702, -1.4221760146891467]"
0,186,"[-0.009712710162556357, 0.5132955176321833, 0.009712710162556362, -0.5132955176321833]"
0,187,"[-0.02321816147358852, 1.227029120872738, 0.02321816147358853, -1.227029120872738]"
0,188,"[0.03275133112828348, -1.7308363148160362, -0.0327513311282835, 1.7308363148160362]"
0,189,"[0.0806024402283444, -4.2596629145717175, -0.08060244022834444, 4.2596629145717175]"
0,190,"[0.08329128333580121, -4.401762399841493, -0.08329128333580126, 4.401762399841493]"
0,191,"[0.07634366478314228, -4.034595934291426, -0.07634366478314232, 4.034595934291426]"
0,192,"[0.09894837286940675, -5.229205383546286, -0.0989483728694068, 5.229205383546286]"
0,193,"[0.15103054685764744, -7.981634521168903, -0.15103054685764752, 7.981634521168903]"
0,194,"[0.1905950090320803, -10.072529930562997, -0.1905950090320804, 10.072529930562997]"
0,195,"[0.18360473324973225, -9.703109123595596, -0.18360473324973234, 9.703109123595596]"
0,196,"[0.19398953232896976, -10.251923072500714, -0.19398953232896987, 10.251923072500714]"
0,197,"[0.14292929120994416, -7.553500854914825, -0.14292929120994424, 7.553500854914825]"
0,198,"[0.1524223831242082, -8.055190027813973, -0.15242238312420828, 8.055190027813973]"
0,199,"[0.058090801605609615, -3.0699719831824885, -0.05809080160560964, 3.0699719831824885]"
0,200,"[0.08457347792332162, -4.469523583228154, -0.08457347792332166, 4.469523583228154]"
0,201,"[0.12853314028990273, -6.7926957228003095, -0.12853314028990281, 6.7926957228003095]"
0,202,"[0.1437710910822401, -7.597988139510077, -0.14377109108224018, 7.597988139510077]"
0,203,"[0.16100866475691603, -8.508956257983915, -0.1610086647569161, 8.508956257983915]"
0,204,"[0.18313299968692914, -9.67817903515983, -0.18313299968692925, 9.67817903515983]"
0,205,"[0.1586971722324747, -8.38679892681902, -0.1586971722324748, 8.38679892681902]"
0,206,"[0.18437030399567025, -9.743567865362156, -0.18437030399567036, 9.743567865362156]"
0,207,"[0.21071138928198813, -11.135636688661151, -0.21071138928198824, 11.135636688661151]"
0,208,"[0.5130434858521019, -7.510964950628423, -0.5130434858521024, 7.510964950628423]"
0,209,"[0.5990078559332426, -8.769484722319726, -0.5990078559332431, 8.769484722319726]"
0,210,"[0.6860436067185848, -10.043689524890375, -0.6860436067185853, 10.043689524890375]"
0,211,"[0.2389579245930468, -10.79127729074592, -0.23895792459304718, 10.79127729074592]"
0,212,"[0.2708430147526766, -12.231199611543527, -0.270843014752677, 12.231199611543527]"
0,213,"[0.2941936405356228, -13.28570775629474, -0.29419364053562325, 13.28570775629474]"
0,214,"[0.32822289490163403, -14.822459971088785, -0.32822289490163453, 14.822459971088785]"
0,215,"[0.31744136428425945, -14.335568872126915, -0.31744136428425995, 14.335568872126915]"
0,216,"[0.33552576374000703, -15.152255615184044, -0.33552576374000753, 15.152255615184044]"
0,217,"[1.1366888157243575, -16.64114269085208, -1.1366888157243584, 16.64114269085208]"
0,218,"[1.2444335483779785, -18.218527323720156, -1.2444335483779794, 18.218527323720156]"
0,219,"[1.4220424198594386, -20.81872408170507, -1.4220424198594397, 20.81872408170507]"
0,220,"[1.526058040511409, -22.341514454410497, -1.5260580405114101, 22.341514454410497]"
0,221,"[1.5418711393198927, -22.573018477337676, -1.5418711393198938, 22.573018477337676]"
0,222,"[1.4272892527994236, -20.895537801011105, -1.4272892527994248, 20.895537801011105]"
0,223,"[0.47543705169814204, -21.470612736141266, -0.47543705169814277, 21.470612736141266]"
0,224,"[0.4774148725923507, -21.559930609725853, -0.4774148725923515, 21.559930609725853]"
0,225,"[0.5068018236809217, -22.887037624345385, -0.5068018236809225, 22.887037624345385]"
0,226,"[1.4169945949231573, -21.70224118733325, -1.4169945949231595, 21.70224118733325]"
0,227,"[1.535114948209322, -23.511335170707532, -1.5351149482093247, 23.511335170707532]"
0,228,"[1.594339966762062, -24.418406828962905, -1.5943399667620646, 24.418406828962905]"
0,229,"[1.7232800115210753, -26.393211785941165, -1.7232800115210782, 26.393211785941165]"
0,230,"[2.099981412146532, -27.268339806784603, -2.0999814121465303, 27.268339806784603]"
0,231,"[2.221290621187566, -28.843544575117267, -2.2212906211875643, 28.843544575117267]"
0,232,"[1.6265740296734452, -21.121126646873158, -1.6265740296734439, 21.121126646873158]"
0,233,"[1.4431634880192346, -22.103035679853814, -1.443163488019237, 22.103035679853814]"
0,234,"[1.518365056745383, -23.254799129063866, -1.5183650567453857, 23.254799129063866]"
0,235,"[1.3485372834183724, -20.653770649311323, -1.3485372834183746, 20.653770649311323]"
0,236,"[1.4585480214553794, -22.33866032964573, -1.4585480214553819, 22.33866032964573]"
0,237,"[1.5685238302336304, -24.023015044497043, -1.568523830233633, 24.023015044497043]"
0,238,"[1.476219293097233, -22.6093079387703, -1.4762192930972355, 22.6093079387703]"
0,239,"[1.5021152475211246, -23.00592218888603, -1.5021152475211272, 23.00592218888603]"
0,240,"[1.6077991690532196, -24.62454371569369, -1.6077991690532225, 24.62454371569369]"
0,241,"[1.2911471187599042, -19.77480103315242, -1.2911471187599064, 19.77480103315242]"
0,242,"[1.3793195956896513, -21.125222811238118, -1.3793195956896538, 21.125222811238118]"
0,243,"[1.4865206027034714, -22.767079539608414, -1.486520602703474, 22.767079539608414]"
0,244,"[1.378388816730957, -21.11096729500252, -1.3783888167309593, 21.11096729500252]"
0,245,"[1.3864327244093897, -21.234165241664734, -1.386432724409392, 21.234165241664734]"
0,246,"[1.493897526835521, -22.880062177162568, -1.4938975268355235, 22.880062177162568]"
0,247,"[1.5935963981531696, -24.407018567252287, -1.5935963981531722, 24.407018567252287]"
0,248,"[1.7417094522562362, -26.675471273179234, -1.741709452256239, 26.675471273179234]"
0,249,"[1.8455775424444, -28.26628210125685, -1.8455775424444032, 28.26628210125685]"
0,250,"[1.8738998273863836, -28.70005726242508, -1.8738998273863867, 28.70005726242508]"
0,251,"[1.9372528817645929, -29.670352612171772, -1.9372528817645962, 29.670352612171772]"
0,252,"[1.9114178131426773, -29.274670869748103, -1.9114178131426807, 29.274670869748103]"
0,253,"[1.9940526257433238, -30.540279531880344, -1.9940526257433273, 30.540279531880344]"
0,254,"[1.8992260382372455, -29.087945500119073, -1.8992260382372486, 29.087945500119073]"
0,255,"[1.8767776868482353, -28.74413364801478, -1.8767776868482384, 28.74413364801478]"
0,256,"[1.8854187361595327, -28.876477227120375, -1.8854187361595358, 28.876477227120375]"
0,257,"[1.9938254874731738, -30.53680075395181, -1.9938254874731771, 30.53680075395181]"
0,258,"[2.2140626180266203, -33.9098830104415, -2.214062618026624, 33.9098830104415]"
0,259,"[2.1973104206520366, -33.653311652199484, -2.19731042065204, 33.653311652199484]"
0,260,"[2.0548035396324025, -31.47072132064609, -2.0548035396324056, 31.47072132064609]"
0,261,"[1.1308279692633239, -33.38439963446945, -1.1308279692633216, 33.38439963446945]"
0,262,"[1.1689811438738529, -34.510760905274736, -1.1689811438738504, 34.510760905274736]"
0,263,"[1.2215164178593185, -36.06171173891894, -1.2215164178593159, 36.06171173891894]"
0,264,"[2.24592423795276, -34.39786550715225, -2.245924237952764, 34.39786550715225]"
0,265,"[2.383168485538195, -36.499855008978614, -2.383168485538199, 36.499855008978614]"
0,266,"[2.2319936610049878, -34.18450919522104, -2.2319936610049917, 34.18450919522104]"
0,267,"[2.306065628125564, -35.31897202340009, -2.306065628125568, 35.31897202340009]"
0,268,"[2.40023484428296, -36.761237963434084, -2.400234844282964, 36.761237963434084]"
0,269,"[2.452704871237255, -37.56485230617598, -2.4527048712372594, 37.56485230617598]"
0,270,"[2.586797688678054, -39.618575500333314, -2.5867976886780584, 39.618575500333314]"
0,271,"[2.6909441913099488, -41.21365040537004, -2.690944191309953, 41.21365040537004]"
0,272,"[2.2970536788706704, -35.18094785803035, -2.2970536788706744, 35.18094785803035]"
0,273,"[1.2603727512654843, -37.208831723585284, -1.2603727512654817, 37.208831723585284]"
0,274,"[1.3189512660895792, -38.93819162804119, -1.3189512660895766, 38.93819162804119]"
0,275,"[1.3465887164712904, -39.75410679241577, -1.3465887164712875, 39.75410679241577]"
0,276,"[1.4057242138984363, -41.49990998472368, -1.4057242138984336, 41.49990998472368]"
0,277,"[1.441491759725682, -42.555842519376895, -1.441491759725679, 42.555842519376895]"
0,278,"[1.2363043105816052, -36.4982811675245, -1.2363043105816027, 36.4982811675245]"
0,279,"[1.1370112318830012, -33.56694244022855, -1.137011231882999, 33.56694244022855]"
0,280,"[1.1965404338524943, -35.32436861157206, -1.1965404338524919, 35.32436861157206]"
0,281,"[1.2323347375868348, -36.38109109543781, -1.2323347375868323, 36.38109109543781]"
0,282,"[1.2906548095013846, -38.102821226303504, -1.290654809501382, 38.102821226303504]"
0,283,"[1.3218915843255568, -39.024995953465094, -1.321891584325554, 39.024995953465094]"
0,284,"[1.2721345139654339, -37.55606348390044, -1.2721345139654312, 37.55606348390044]"
0,285,"[1.3448865852655836, -39.70385632997042, -1.3448865852655807, 39.70385632997042]"
0,286,"[1.4009616647408167, -41.35930960281028, -1.4009616647408139, 41.35930960281028]"
0,287,"[1.4560776408575464, -42.98644814460231, -1.4560776408575433, 42.98644814460231]"
0,288,"[1.4968634877435572, -44.190531390579935, -1.496863487743554, 44.190531390579935]"
0,289,"[1.5556860055290715, -45.927094771247454, -1.5556860055290682, 45.927094771247454]"
0,290,"[1.6150966220730858, -47.681020053558676, -1.6150966220730827, 47.681020053558676]"
0,291,"[1.6599854804528773, -49.006232754357285, -1.659985480452874, 49.006232754357285]"
0,292,"[1.7108469199024763, -50.50776850225352, -1.7108469199024727, 50.50776850225352]"
0,293,"[1.7627731275192717, -52.04073842668051, -1.762773127519268, 52.04073842668051]"
0,294,"[1.8181533963153487, -53.67567943946515, -1.818153396315345, 53.67567943946515]"
0,295,"[1.9103137961529175, -56.39644661385174, -1.9103137961529137, 56.39644661385174]"
0,296,"[1.9665808294968812, -58.057566765155215, -1.9665808294968772, 58.057566765155215]"
0,297,"[2.0996254071709433, -61.985320120215555, -2.099625407170939, 61.985320120215555]"
0,298,"[2.163647778637739, -63.875394024194364, -2.1636477786377344, 63.875394024194364]"
0,299,"[2.2267195699470386, -65.73740481979152, -2.226719569947034, 65.73740481979152]"
0,300,"[2.2737177588209763, -67.12488935511473, -2.2737177588209714, 67.12488935511473]"
0,301,"[2.33824927860248, -69.02999437901049, -2.338249278602475, 69.02999437901049]"
0,302,"[2.394393603157516, -70.68749191099471, -2.394393603157511, 70.68749191099471]"
0,303,"[2.4291576616316166, -71.71379940652959, -2.4291576616316117, 71.71379940652959]"
0,304,"[2.471785586219724, -72.97226462733987, -2.471785586219719, 72.97226462733987]"
0,305,"[2.5429272392082782, -75.07251456683672, -2.542927239208273, 75.07251456683672]"
0,306,"[2.5777641207317763, -76.1009719506391, -2.577764120731771, 76.1009719506391]"
0,307,"[2.637230201730349, -77.85653465930235, -2.6372302017303437, 77.85653465930235]"
0,308,"[2.7086490282960556, -79.96496734075401, -2.7086490282960503, 79.96496734075401]"
0,309,"[2.78394040015044, -82.18772563408812, -2.7839404001504344, 82.18772563408812]"
0,310,"[2.823231616450897, -83.3476842686038, -2.823231616450891, 83.3476842686038]"
0,311,"[2.888504014737716, -85.2746615708428, -2.88850401473771, 85.2746615708428]"
0,312,"[2.7370220435414176, -80.80259791368998, -2.737022043541412, 80.80259791368998]"
0,313,"[2.8053898177681638, -82.82095716809695, -2.805389817768158, 82.82095716809695]"
0,314,"[4.382003191273624, -84.63355417172329, -4.3820031912736175, 84.63355417172329]"
0,315,"[4.467431260558486, -86.2835030225147, -4.467431260558481, 86.2835030225147]"
0,316,"[4.542482037000533, -87.73302591795368, -4.542482037000527, 87.73302591795368]"
0,317,"[4.639034552074629, -89.59783115844567, -4.639034552074623, 89.59783115844567]"
0,318,"[4.582945815123412, -88.51453912282196, -4.582945815123406, 88.51453912282196]"
0,319,"[4.682778786968847, -90.44270276442558, -4.682778786968841, 90.44270276442558]"
0,320,"[3.108424627628352, -91.76717663781741, -3.1084246276283456, 91.76717663781741]"
0,321,"[3.174003060651115, -93.7031887235995, -3.1740030606511085, 93.7031887235995]"
0,322,"[3.176324688529841, -93.77172801959551, -3.176324688529834, 93.77172801959551]"
0,323,"[4.94666184511759, -95.53931272155809, -4.946661845117583, 95.53931272155809]"
0,324,"[4.966401213745492, -95.92055683553136, -4.966401213745485, 95.92055683553136]"
0,325,"[5.062285761598411, -97.77246102654192, -5.062285761598405, 97.77246102654192]"
0,326,"[5.159948997129903, -99.65871860649997, -5.159948997129896, 99.65871860649997]"
0,327,"[5.182506066926207, -100.09438350796846, -5.182506066926201, 100.09438350796846]"
0,328,"[5.219923936803907, -100.81706835758045, -5.2199239368039, 100.81706835758045]"
0,329,"[5.303356191626421, -102.4284702552906, -5.303356191626414, 102.4284702552906]"
0,330,"[5.916980821310939, -99.09395924066006, -5.916980821310937, 99.09395924066006]"
0,331,"[6.031611242274171, -101.01371909889019, -6.0316112422741694, 101.01371909889019]"
0,332,"[6.155047750243275, -103.08095789159422, -6.1550477502432726, 103.08095789159422]"
0,333,"[6.1172976988639585, -102.44874322575625, -6.117297698863956, 102.44874322575625]"
0,334,"[6.227632287952873, -104.29655913123175, -6.22763228795287, 104.29655913123175]"
0,335,"[6.23951085934063, -104.49549414631515, -6.239510859340627, 104.49549414631515]"
0,336,"[6.373202673875485, -106.7344825122419, -6.3732026738754834, 106.7344825122419]"
0,337,"[6.585874552599682, -110.29618046570272, -6.585874552599679, 110.29618046570272]"
0,338,"[6.697171223277293, -112.1601087224965, -6.69717122327729, 112.1601087224965]"
0,339,"[6.895154395944367, -109.4762900472226, -6.895154395944371, 109.4762900472226]"
0,340,"[7.06172118716441, -112.12091746246458, -7.061721187164414, 112.12091746246458]"
0,341,"[7.05919983087605, -112.08088518523243, -7.059199830876055, 112.08088518523243]"
0,342,"[7.1597596275585955, -113.67750113268437, -7.1597596275586, 113.67750113268437]"
0,343,"[7.286641041759121, -115.69203274502777, -7.286641041759125, 115.69203274502777]"
0,344,"[7.412693814383567, -117.6934077838822, -7.412693814383571, 117.6934077838822]"
0,345,"[7.3086164543909335, -116.04094250237894, -7.308616454390939, 116.04094250237894]"
0,346,"[7.2604699299323405, -115.27650670098558, -7.260469929932345, 115.27650670098558]"
0,347,"[7.157585283696562, -113.6429784685592, -7.157585283696568, 113.6429784685592]"
0,348,"[6.364854551614631, -115.81891963451909, -6.364854551614626, 115.81891963451909]"
0,349,"[6.226145538028649, -113.29488268020677, -6.226145538028644, 113.29488268020677]"
0,350,"[6.32042104190109, -115.01037938448515, -6.320421041901086, 115.01037938448515]"
0,351,"[6.429518698064027, -116.99558934788395, -6.429518698064022, 116.99558934788395]"
0,352,"[6.2549657082318335, -113.81931272798674, -6.254965708231829, 113.81931272798674]"
0,353,"[5.777695062840519, -105.13459415755702, -5.777695062840515, 105.13459415755702]"
0,354,"[5.88473883036459, -107.08243026405556, -5.884738830364586, 107.08243026405556]"
0,355,"[7.33482050810455, -107.5717536003239, -7.334820508104556, 107.5717536003239]"
0,356,"[7.3703222155959285, -108.09241813825412, -7.370322215595934, 108.09241813825412]"
0,357,"[7.4914774591197215, -109.86926898134267, -7.491477459119728, 109.86926898134267]"
0,358,"[7.1772805839367155, -105.26128862220062, -7.177280583936722, 105.26128862220062]"
0,359,"[7.392879300361779, -108.42323811696969, -7.392879300361784, 108.42323811696969]"
0,360,"[7.208642697826103, -105.72124228895589, -7.208642697826109, 105.72124228895589]"
0,361,"[8.018474855761507, -107.63434993204199, -8.018474855761498, 107.63434993204199]"
0,362,"[8.146977742712425, -109.3592820357343, -8.146977742712416, 109.3592820357343]"
0,363,"[8.320303447093263, -111.68588402091606, -8.320303447093254, 111.68588402091606]"
0,364,"[10.798570247304399, -109.42072179941164, -10.798570247304406, 109.42072179941164]"
0,365,"[10.45159826536316, -105.9048929592316, -10.451598265363165, 105.9048929592316]"
0,366,"[10.487636891605195, -106.27006838576986, -10.4876368916052, 106.27006838576986]"
0,367,"[5.807723925629128, -104.68741980750096, -5.807723925629122, 104.68741980750096]"
0,368,"[5.876972514806135, -105.93566373560144, -5.876972514806129, 105.93566373560144]"
0,369,"[5.971635949754462, -107.64202424477149, -5.9716359497544556, 107.64202424477149]"
0,370,"[5.969253683669063, -107.59908258759754, -5.9692536836690575, 107.59908258759754]"
0,371,"[5.7528744572511, -103.69872795578095, -5.752874457251094, 103.69872795578095]"
0,372,"[5.819796021868669, -104.9050259856129, -5.819796021868663, 104.9050259856129]"
0,373,"[5.687868311796561, -102.52695641043678, -5.687868311796556, 102.52695641043678]"
0,374,"[5.7327490051713985, -103.3359556068086, -5.732749005171392, 103.3359556068086]"
0,375,"[5.823045802165779, -104.9636050638546, -5.8230458021657725, 104.9636050638546]"
0,376,"[5.938516522964955, -107.04502835094182, -5.938516522964949, 107.04502835094182]"
0,377,"[5.872342044923836, -105.85219696777955, -5.872342044923831, 105.85219696777955]"
0,378,"[5.964315708790187, -107.51007287298927, -5.96431570879018, 107.51007287298927]"
0,379,"[6.005359152140999, -108.24990352600133, -6.0053591521409935, 108.24990352600133]"
0,380,"[6.064031037879424, -109.30749655415664, -6.064031037879418, 109.30749655415664]"
0,381,"[6.194303994088599, -111.65573828032595, -6.1943039940885924, 111.65573828032595]"
0,382,"[6.293897795673439, -113.45097136134878, -6.293897795673433, 113.45097136134878]"
0,383,"[6.31753005333034, -113.87695581068002, -6.317530053330334, 113.87695581068002]"
0,384,"[6.272110798192539, -113.0582487421549, -6.272110798192533, 113.0582487421549]"
0,385,"[6.384214161695628, -115.07897356089005, -6.384214161695621, 115.07897356089005]"
0,386,"[6.472879161148105, -116.67720896924891, -6.472879161148099, 116.67720896924891]"
0,387,"[6.583220165155241, -118.66616628822561, -6.583220165155234, 118.66616628822561]"
0,388,"[6.676886759170499, -120.35455819100564, -6.6768867591704915, 120.35455819100564]"
0,389,"[8.975258443406716, -122.22617085896468, -8.975258443406709, 122.22617085896468]"
0,390,"[8.754471707853199, -119.21947000089845, -8.754471707853194, 119.21947000089845]"
0,391,"[8.850288009564565, -120.52430815546442, -8.850288009564558, 120.52430815546442]"
0,392,"[9.807110707258925, -120.52657151706362, -9.807110707258932, 120.52657151706362]"
0,393,"[9.952701687517331, -122.31584281399779, -9.952701687517338, 122.31584281399779]"
0,394,"[10.102372658279466, -124.1552560214207, -10.10237265827947, 124.1552560214207]"
0,395,"[9.854827250646245, -124.50085560493198, -9.854827250646233, 124.50085560493198]"
0,396,"[9.920170540281696, -125.32636936186984, -9.920170540281685, 125.32636936186984]"
0,397,"[9.92114731298496, -125.33870940946223, -9.921147312984948, 125.33870940946223]"
0,398,"[10.137461315206577, -124.58648552874472, -10.137461315206584, 124.58648552874472]"
0,399,"[10.267563978108578, -126.18540985751893, -10.267563978108585, 126.18540985751893]"
0,400,"[10.412718150323336, -127.96931290915809, -10.412718150323343, 127.96931290915809]"
0,401,"[11.034547946852445, -130.05889782555818, -11.034547946852433, 130.05889782555818]"
0,402,"[11.100616876259151, -130.8376204502219, -11.100616876259139, 130.8376204502219]"
0,403,"[11.040278422022352, -130.12644017420754, -11.040278422022338, 130.12644017420754]"
0,404,"[11.327366765224685, -133.51021209448018, -11.327366765224673, 133.51021209448018]"
0,405,"[7.512851261786049, -135.54581843133883, -7.51285126178604, 135.54581843133883]"
0,406,"[7.640466791823572, -137.84824009000653, -7.640466791823563, 137.84824009000653]"
0,407,"[7.718093336603486, -139.24876742344517, -7.718093336603477, 139.24876742344517]"
0,408,"[10.264489161523878, -139.78307298304466, -10.264489161523871, 139.78307298304466]"
0,409,"[10.32900187535477, -140.66161503651193, -10.329001875354763, 140.66161503651193]"
0,410,"[10.279547350666247, -139.9881372506139, -10.27954735066624, 139.9881372506139]"
0,411,"[12.255067183314935, -139.97362636419643, -12.255067183314932, 139.97362636419643]"
0,412,"[12.442769388662889, -142.11750350220848, -12.442769388662885, 142.11750350220848]"
0,413,"[12.599118456527448, -143.90327470038352, -12.599118456527442, 143.90327470038352]"
0,414,"[12.708585981464141, -145.1535792646346, -12.708585981464138, 145.1535792646346]"
0,415,"[12.896494467633143, -147.29981247904664, -12.89649446763314, 147.29981247904664]"
0,416,"[13.148091438642469, -150.1734760736755, -13.148091438642464, 150.1734760736755]"
0,417,"[16.54837395657734, -152.16089159744803, -16.548373956577333, 152.16089159744803]"
0,418,"[16.79563013957239, -154.43439117850835, -16.79563013957238, 154.43439117850835]"
0,419,"[16.95714357768054, -155.91949351013275, -16.957143577680533, 155.91949351013275]"
0,420,"[13.36944143894785, -157.87903613083822, -13.369441438947858, 157.87903613083822]"
0,421,"[13.567788015643504, -160.2213005022827, -13.567788015643512, 160.2213005022827]"
0,422,"[13.513598671336458, -159.5813813637886, -13.513598671336466, 159.5813813637886]"
0,423,"[14.356594221897318, -160.68425695930475, -14.356594221897327, 160.68425695930475]"
0,424,"[14.543348153074605, -162.77447530786552, -14.543348153074614, 162.77447530786552]"
0,425,"[14.742581079564498, -165.0043631392028, -14.742581079564507, 165.0043631392028]"
0,426,"[10.93506094249678, -166.93871562964947, -10.935060942496765, 166.93871562964947]"
0,427,"[11.077121099033914, -169.10745892236324, -11.0771210990339, 169.10745892236324]"
0,428,"[11.030797132016113, -168.40025997784082, -11.0307971320161, 168.40025997784082]"
0,429,"[11.12236265056772, -169.7981333087121, -11.122362650567707, 169.7981333087121]"
0,430,"[11.271745364509881, -172.0786654917437, -11.271745364509867, 172.0786654917437]"
0,431,"[11.416739793508427, -174.2922044813988, -11.416739793508413, 174.2922044813988]"
0,432,"[11.110572700464946, -169.61814353656132, -11.110572700464932, 169.61814353656132]"
0,433,"[11.176900872072338, -170.63073412352082, -11.176900872072324, 170.63073412352082]"
0,434,"[11.187824464394298, -170.79749775491527, -11.187824464394284, 170.79749775491527]"
0,435,"[10.986509091559835, -167.72414224695632, -10.986509091559823, 167.72414224695632]"
0,436,"[18.467782745998502, -168.6173357144139, -18.467782745998505, 168.6173357144139]"
0,437,"[18.7057132082048, -170.78972430996512, -18.7057132082048, 170.78972430996512]"
0,438,"[18.12724228514214, -165.5080818314593, -18.127242285142145, 165.5080818314593]"
0,439,"[18.288606013082553, -166.9813892804628, -18.288606013082557, 166.9813892804628]"
0,440,"[18.099179786334727, -165.25186137189056, -18.09917978633473, 165.25186137189056]"
0,441,"[17.785247624873957, -162.3855505976829, -17.78524762487396, 162.3855505976829]"
0,442,"[17.85170650880976, -162.99234352447516, -17.85170650880976, 162.99234352447516]"
0,443,"[18.081672227878222, -165.09201122082465, -18.081672227878222, 165.09201122082465]"
0,444,"[18.38895529843885, -167.89761346234465, -18.38895529843885, 167.89761346234465]"
0,445,"[14.222056689774968, -168.2476826515257, -14.222056689774961, 168.2476826515257]"
0,446,"[14.406912274947299, -170.43453399861653, -14.406912274947292, 170.43453399861653]"
0,447,"[14.367224598909123, -169.96502669254258, -14.367224598909116, 169.96502669254258]"
0,448,"[12.943949269265987, -168.03378419804025, -12.94394926926599, 168.03378419804025]"
0,449,"[12.976009042524359, -168.44997286728403, -12.97600904252436, 168.44997286728403]"
0,450,"[13.135006538202271, -170.51402227917472, -13.135006538202273, 170.51402227917472]"
0,451,"[10.475754640909773, -165.79790003943577, -10.475754640909763, 165.79790003943577]"
0,452,"[10.47270385128689, -165.74961573627343, -10.472703851286878, 165.74961573627343]"
0,453,"[10.490972978500059, -166.03875795383433, -10.490972978500047, 166.03875795383433]"
0,454,"[10.16388837639571, -160.8620483015905, -10.163888376395699, 160.8620483015905]"
0,455,"[10.660951306821376, -162.2069218675395, -10.660951306821369, 162.2069218675395]"
0,456,"[10.818286750983752, -164.60078873398993, -10.818286750983745, 164.60078873398993]"
0,457,"[10.734401328002429, -163.32446771349615, -10.734401328002422, 163.32446771349615]"
0,458,"[10.460405403957973, -165.55497040419232, -10.460405403957962, 165.55497040419232]"
0,459,"[9.954114479379545, -157.54199425292595, -9.954114479379534, 157.54199425292595]"
0,460,"[9.801155153441284, -155.12113428614376, -9.801155153441272, 155.12113428614376]"
0,461,"[9.706847338074681, -155.98304354388145, -9.706847338074681, 155.98304354388145]"
0,462,"[9.789546292129492, -157.31196467574748, -9.789546292129492, 157.31196467574748]"
0,463,"[9.281643794618681, -149.15028512872075, -9.281643794618681, 149.15028512872075]"
0,464,"[9.381736424046956, -150.75871188467602, -9.381736424046958, 150.75871188467602]"
0,465,"[9.46102084812186, -152.0327636279561, -9.461020848121862, 152.0327636279561]"
0,466,"[9.245867022216494, -148.57537448542877, -9.245867022216494, 148.57537448542877]"
0,467,"[11.208440120982637, -149.2054898099814, -11.208440120982628, 149.2054898099814]"
0,468,"[11.325442621665992, -150.76301389317402, -11.325442621665985, 150.76301389317402]"
0,469,"[11.50131433925636, -153.1041983473488, -11.501314339256352, 153.1041983473488]"
0,470,"[10.649083871206123, -142.81085473751912, -10.649083871206125, 142.81085473751912]"
0,471,"[10.806056023669399, -144.9159491789182, -10.8060560236694, 144.9159491789182]"
0,472,"[10.541086162272814, -141.36253812089802, -10.541086162272816, 141.36253812089802]"
0,473,"[10.579461310027314, -138.0780903040586, -10.579461310027312, 138.0780903040586]"
0,474,"[10.56802646177084, -137.92884811072744, -10.568026461770838, 137.92884811072744]"
0,475,"[10.72683464078252, -140.0015368271004, -10.726834640782519, 140.0015368271004]"
0,476,"[10.438366661040776, -136.2365901450933, -10.438366661040774, 136.2365901450933]"
0,477,"[10.591625006325941, -138.23684507490512, -10.59162500632594, 138.23684507490512]"
0,478,"[10.361691062066106, -135.23585674581258, -10.361691062066104, 135.23585674581258]"
0,479,"[9.742233127338782, -127.15098681299517, -9.74223312733878, 127.15098681299517]"
0,480,"[7.205820725459498, -130.1713178675066, -7.205820725459491, 130.1713178675066]"
0,481,"[7.312156926950753, -132.0922542899512, -7.312156926950746, 132.0922542899512]"
0,482,"[7.157707331941354, -129.3021616561667, -7.157707331941347, 129.3021616561667]"
0,483,"[9.575103443092873, -130.34139626620143, -9.575103443092875, 130.34139626620143]"
0,484,"[8.990501256918133, -122.38348065106979, -8.990501256918135, 122.38348065106979]"
0,485,"[8.539472414051392, -116.24383636576574, -8.539472414051394, 116.24383636576574]"
0,486,"[9.145857238081206, -116.10495398743898, -9.145857238081199, 116.10495398743898]"
0,487,"[9.314574407336963, -118.24678702324967, -9.314574407336954, 118.24678702324967]"
0,488,"[8.950645423828808, -113.6267763687017, -8.9506454238288, 113.6267763687017]"
0,489,"[8.796367428387164, -114.79092827189449, -8.79636742838716, 114.79092827189449]"
0,490,"[8.779329735277923, -114.56858960499093, -8.779329735277917, 114.56858960499093]"
0,491,"[8.902154269348152, -116.17142650275221, -8.902154269348147, 116.17142650275221]"
0,492,"[8.904324635590825, -116.19974937099467, -8.90432463559082, 116.19974937099467]"
0,493,"[9.032488466399322, -117.87226307954117, -9.032488466399316, 117.87226307954117]"
0,494,"[9.053364002706388, -118.1446848730111, -9.053364002706385, 118.1446848730111]"
0,495,"[9.043964173812633, -118.02201888695542, -9.043964173812629, 118.02201888695542]"
0,496,"[9.227361757294858, -120.41532260262422, -9.227361757294855, 120.41532260262422]"
0,497,"[9.012944136528667, -117.61721327783957, -9.012944136528663, 117.61721327783957]"
0,498,"[6.3712079255111735, -115.1986202542173, -6.371207925511164, 115.1986202542173]"
0,499,"[6.4377239745654515, -116.40130539107068, -6.437723974565442, 116.40130539107068]"
0,500,"[6.515717454823391, -117.81151542024945, -6.515717454823381, 117.81151542024945]"
0,501,"[8.281913601466734, -112.73780894241025, -8.281913601466735, 112.73780894241025]"
0,502,"[8.444561257176058, -114.95185526270046, -8.44456125717606, 114.95185526270046]"
0,503,"[8.434400026234469, -114.81353518745725, -8.43440002623447, 114.81353518745725]"
0,504,"[8.253402936909644, -112.34970662592521, -8.253402936909646, 112.34970662592521]"
0,505,"[8.8068200203712, -114.91224871787745, -8.806820020371209, 114.91224871787745]"
0,506,"[8.956468285829304, -116.86487391752311, -8.956468285829315, 116.86487391752311]"
0,507,"[8.90112516245105, -116.1427514324768, -8.901125162451061, 116.1427514324768]"
0,508,"[9.041786580422787, -117.97811536742596, -9.041786580422796, 117.97811536742596]"
0,509,"[8.246723988532953, -107.60406093072883, -8.246723988532962, 107.60406093072883]"
0,510,"[8.197462403250151, -106.96129094937797, -8.19746240325016, 106.96129094937797]"
0,511,"[5.797754254223408, -104.9060362253494, -5.797754254223407, 104.9060362253494]"
0,512,"[5.905813087526103, -106.8612801670297, -5.905813087526102, 106.8612801670297]"
0,513,"[5.9852607249468495, -108.29882587245658, -5.985260724946849, 108.29882587245658]"
0,514,"[6.113249604370595, -110.61468912441978, -6.113249604370594, 110.61468912441978]"
0,515,"[6.387155702458519, -115.57081554654678, -6.387155702458518, 115.57081554654678]"
0,516,"[5.972612766966217, -108.06997051227529, -5.972612766966217, 108.06997051227529]"
0,517,"[6.1026110715125474, -110.4221928121489, -6.102611071512547, 110.4221928121489]"
0,518,"[6.196062364306274, -112.1131242102817, -6.1960623643062736, 112.1131242102817]"
0,519,"[6.336210583948889, -114.6490016486944, -6.336210583948888, 114.6490016486944]"
0,520,"[12.86014322415419, -113.95230056958945, -12.86014322415419, 113.95230056958945]"
0,521,"[13.190732029335477, -116.88161124959841, -13.190732029335477, 116.88161124959841]"
0,522,"[13.510365744253397, -119.71385009170484, -13.510365744253397, 119.71385009170484]"
0,523,"[13.709763503908542, -121.48069149036432, -13.709763503908542, 121.48069149036432]"
0,524,"[13.78499259119842, -122.14728807618857, -13.78499259119842, 122.14728807618857]"
0,525,"[13.952578934587816, -123.63225204901578, -13.952578934587816, 123.63225204901578]"
0,526,"[14.289348606729408, -126.61633070457248, -14.289348606729408, 126.61633070457248]"
0,527,"[14.537561904790754, -128.81572116648672, -14.537561904790754, 128.81572116648672]"
0,528,"[13.974096927713315, -123.8229205958237, -13.974096927713315, 123.8229205958237]"
0,529,"[14.299646403429344, -126.7075783372234, -14.299646403429344, 126.7075783372234]"
0,530,"[10.787853180956704, -128.5860130088293, -10.787853180956693, 128.5860130088293]"
0,531,"[10.95470449003981, -130.57480023464856, -10.954704490039797, 130.57480023464856]"
0,532,"[10.947231620379293, -130.48572722825313, -10.947231620379283, 130.48572722825313]"
0,533,"[7.057860191205425, -132.9670555781059, -7.0578601912054175, 132.9670555781059]"
0,534,"[7.018795783582513, -132.23109891152393, -7.018795783582506, 132.23109891152393]"
0,535,"[6.825860103783458, -128.59627354465036, -6.825860103783451, 128.59627354465036]"
0,536,"[7.210835477303274, -130.5694770632212, -7.210835477303265, 130.5694770632212]"
0,537,"[7.258702830648082, -131.4362303422697, -7.258702830648073, 131.4362303422697]"
0,538,"[7.361621112534662, -133.29981276464963, -7.361621112534652, 133.29981276464963]"
0,539,"[8.887919502869103, -135.5615861859932, -8.887919502869112, 135.5615861859932]"
0,540,"[9.03221059421088, -137.76236323043932, -9.032210594210888, 137.76236323043932]"
0,541,"[8.567147620651873, -130.66906379723875, -8.56714762065188, 130.66906379723875]"
0,542,"[8.64635383062942, -131.87714398483172, -8.64635383062943, 131.87714398483172]"
0,543,"[8.742583209878344, -133.34486736874248, -8.742583209878353, 133.34486736874248]"
0,544,"[8.842479195137761, -134.86851508078664, -8.842479195137768, 134.86851508078664]"
0,545,"[16.07746043053289, -136.68049216587195, -16.07746043053289, 136.68049216587195]"
0,546,"[16.334571457771688, -138.8662889772597, -16.334571457771688, 138.8662889772597]"
0,547,"[15.69275963330536, -133.41000709586643, -15.69275963330536, 133.41000709586643]"
0,548,"[14.884256874344697, -130.97093214630283, -14.8842568743447, 130.97093214630283]"
0,549,"[14.563149293821358, -128.1454125724721, -14.563149293821361, 128.1454125724721]"
0,550,"[14.757891930927489, -129.85901002820952, -14.757891930927492, 129.85901002820952]"
0,551,"[14.476114075551871, -127.37956421588, -14.476114075551875, 127.37956421588]"
0,552,"[14.502218171216263, -127.60926179304926, -14.502218171216267, 127.60926179304926]"
0,553,"[14.812743936826337, -130.34166888066787, -14.81274393682634, 130.34166888066787]"
0,554,"[14.710493311195306, -129.4419357018807, -14.71049331119531, 129.4419357018807]"
0,555,"[9.101959631846961, -132.2606822395103, -9.10195963184695, 132.2606822395103]"
0,556,"[9.246450078117983, -134.36027461015, -9.246450078117972, 134.36027461015]"
0,557,"[9.350631342784288, -135.8741337897852, -9.350631342784277, 135.8741337897852]"
0,558,"[8.409703607259658, -136.57070567552077, -8.409703607259653, 136.57070567552077]"
0,559,"[8.268951544192541, -134.28494038864815, -8.268951544192536, 134.28494038864815]"
0,560,"[8.342599293080355, -135.4809546011276, -8.34259929308035, 135.4809546011276]"
0,561,"[8.421816395735641, -136.76741321090114, -8.421816395735636, 136.76741321090114]"
0,562,"[8.413629578190342, -136.6344620985179, -8.413629578190337, 136.6344620985179]"
0,563,"[8.415232751206949, -136.66049707910972, -8.415232751206943, 136.66049707910972]"
0,564,"[8.42144000258016, -136.76130071499688, -8.421440002580155, 136.76130071499688]"
0,565,"[8.490801103848657, -137.88770123861255, -8.490801103848652, 137.88770123861255]"
0,566,"[8.640772697488527, -140.32318854365843, -8.640772697488522, 140.32318854365843]"
0,567,"[12.613506487812794, -140.10012842867172, -12.613506487812792, 140.10012842867172]"
0,568,"[12.591751840418423, -139.8584962626427, -12.591751840418421, 139.8584962626427]"
0,569,"[12.250710985052253, -136.07050378946406, -12.250710985052251, 136.07050378946406]"
0,570,"[9.184163041977294, -133.29948810945535, -9.184163041977294, 133.29948810945535]"
0,571,"[9.333640621922203, -135.4690145866559, -9.333640621922203, 135.4690145866559]"
0,572,"[8.744297720105981, -126.91525669124619, -8.744297720105981, 126.91525669124619]"
0,573,"[8.736297003471991, -125.31876109491674, -8.73629700347198, 125.31876109491674]"
0,574,"[8.790429658701695, -126.09527284645964, -8.790429658701685, 126.09527284645964]"
0,575,"[8.907565962898662, -127.77554728256995, -8.907565962898651, 127.77554728256995]"
0,576,"[7.106061948546707, -128.69567544543798, -7.106061948546714, 128.69567544543798]"
0,577,"[7.102211104995329, -128.6259340168566, -7.102211104995336, 128.6259340168566]"
0,578,"[6.958631371509578, -126.0256061678989, -6.958631371509584, 126.0256061678989]"
0,579,"[7.093612000512609, -128.47019831294034, -7.093612000512615, 128.47019831294034]"
0,580,"[7.29079293834674, -129.87068894032984, -7.29079293834675, 129.87068894032984]"
0,581,"[7.332707389471917, -130.6173098758322, -7.332707389471928, 130.6173098758322]"
0,582,"[7.424926146404145, -132.2599999916106, -7.424926146404156, 132.2599999916106]"
0,583,"[7.263936227534805, -129.39229110825426, -7.263936227534816, 129.39229110825426]"
0,584,"[7.18514537348418, -127.98879184770989, -7.185145373484191, 127.98879184770989]"
0,585,"[6.960184385061303, -123.9815681069954, -6.960184385061313, 123.9815681069954]"
0,586,"[9.570933483938386, -124.84970346071684, -9.570933483938378, 124.84970346071684]"
0,587,"[9.3867381756559, -122.44693578329894, -9.386738175655891, 122.44693578329894]"
0,588,"[9.316154058690632, -121.52618901529152, -9.316154058690623, 121.52618901529152]"
0,589,"[6.67725315638616, -120.99559264497563, -6.677253156386168, 120.99559264497563]"
0,590,"[6.709359735267782, -121.57738195992304, -6.709359735267789, 121.57738195992304]"
0,591,"[6.8237456695532925, -123.65011959394369, -6.8237456695533005, 123.65011959394369]"
0,592,"[6.921141750275455, -125.41499150044092, -6.921141750275463, 125.41499150044092]"
0,593,"[6.846947903726322, -124.07055716141382, -6.84694790372633, 124.07055716141382]"
0,594,"[6.861756438273625, -124.33889615827225, -6.861756438273633, 124.33889615827225]"
0,595,"[6.787384500887154, -122.9912347128432, -6.787384500887162, 122.9912347128432]"
0,596,"[6.902784714119328, -125.08235165335176, -6.902784714119336, 125.08235165335176]"
0,597,"[6.5697806298490935, -119.04812985798088, -6.569780629849101, 119.04812985798088]"
0,598,"[6.582607552049736, -119.28056092164265, -6.582607552049743, 119.28056092164265]"
0,599,"[6.581960273960694, -119.26883187765472, -6.581960273960702, 119.26883187765472]"
0,600,"[6.638908962497194, -120.30077422856556, -6.638908962497201, 120.30077422856556]"
0,601,"[6.69832950887168, -121.37750803743621, -6.698329508871688, 121.37750803743621]"
0,602,"[6.712633817535003, -121.63671017693277, -6.712633817535011, 121.63671017693277]"
0,603,"[6.654466015376801, -120.58267679971146, -6.654466015376809, 120.58267679971146]"
0,604,"[6.730312861796368, -121.95706442855415, -6.730312861796376, 121.95706442855415]"
0,605,"[6.857475625069325, -124.26132540896475, -6.857475625069332, 124.26132540896475]"
0,606,"[7.049423692278374, -127.73953263056816, -7.049423692278382, 127.73953263056816]"
0,607,"[7.130092043028022, -129.20128863682524, -7.13009204302803, 129.20128863682524]"
0,608,"[8.20099679248002, -130.29258981035952, -8.20099679248001, 130.29258981035952]"
0,609,"[8.119847653606836, -129.0033402554319, -8.119847653606827, 129.0033402554319]"
0,610,"[8.239900627688018, -130.91067094989288, -8.239900627688009, 130.91067094989288]"
0,611,"[7.227814790611134, -131.0673696296793, -7.227814790611132, 131.0673696296793]"
0,612,"[7.254327320336116, -131.54814115384673, -7.254327320336113, 131.54814115384673]"
0,613,"[7.393804605588073, -134.0773870505193, -7.393804605588071, 134.0773870505193]"
0,614,"[7.301010430782088, -132.39468089919734, -7.301010430782085, 132.39468089919734]"
0,615,"[7.426872849687903, -134.677038244967, -7.4268728496879, 134.677038244967]"
0,616,"[7.508183368949634, -136.1515026843024, -7.508183368949631, 136.1515026843024]"
0,617,"[7.49474277922619, -135.90777442170057, -7.494742779226187, 135.90777442170057]"
0,618,"[7.595575506666631, -137.73624965814025, -7.595575506666627, 137.73624965814025]"
0,619,"[7.652727971740189, -138.77263803859154, -7.652727971740186, 138.77263803859154]"
0,620,"[7.540345285474615, -136.73471876320005, -7.540345285474612, 136.73471876320005]"
0,621,"[7.651613469242446, -138.75242793151816, -7.651613469242443, 138.75242793151816]"
0,622,"[7.722374554093859, -140.0355915891792, -7.722374554093856, 140.0355915891792]"
0,623,"[7.821810018997656, -141.83872921934847, -7.8218100189976525, 141.83872921934847]"
0,624,"[7.826846479128925, -141.93005911652676, -7.826846479128922, 141.93005911652676]"
0,625,"[7.971478340738205, -144.55277680021678, -7.9714783407382015, 144.55277680021678]"
0,626,"[8.099465878424729, -147.16811950604858, -8.099465878424732, 147.16811950604858]"
0,627,"[8.224739818474388, -149.44435974916541, -8.224739818474392, 149.44435974916541]"
0,628,"[8.479450799746463, -154.07248420749602, -8.479450799746468, 154.07248420749602]"
0,629,"[8.621322414070008, -156.65030588174994, -8.621322414070011, 156.65030588174994]"
0,630,"[8.199650793442625, -158.00002766121872, -8.199650793442638, 158.00002766121872]"
0,631,"[8.275332549325277, -159.45834824390397, -8.27533254932529, 159.45834824390397]"
0,632,"[8.159413502398316, -157.22469060624346, -8.159413502398328, 157.22469060624346]"
0,633,"[8.338040958477096, -159.3428283702576, -8.3380409584771, 159.3428283702576]"
0,634,"[8.285571910119158, -158.3401268233493, -8.28557191011916, 158.3401268233493]"
0,635,"[8.413989810868673, -160.79423704188872, -8.413989810868676, 160.79423704188872]"
0,636,"[9.031932044641511, -160.3697259178754, -9.031932044641499, 160.3697259178754]"
0,637,"[9.108341966326345, -161.72644983225348, -9.108341966326332, 161.72644983225348]"
0,638,"[9.287423812821302, -164.90620212637114, -9.28742381282129, 164.90620212637114]"
0,639,"[8.829067216718602, -168.72650892326806, -8.829067216718606, 168.72650892326806]"
0,640,"[8.934837706940915, -170.7478193430732, -8.934837706940918, 170.7478193430732]"
0,641,"[8.918336541883809, -170.43247640764056, -8.91833654188381, 170.43247640764056]"
0,642,"[9.461108846225581, -171.8779858250282, -9.461108846225594, 171.8779858250282]"
0,643,"[9.432894031576964, -171.36541318781926, -9.432894031576978, 171.36541318781926]"
0,644,"[9.431575423700583, -171.34145831428708, -9.431575423700595, 171.34145831428708]"
0,645,"[9.505812511702985, -172.69010796696057, -9.505812511702997, 172.69010796696057]"
0,646,"[9.617357231533408, -174.71651756497704, -9.61735723153342, 174.71651756497704]"
0,647,"[9.88673542082451, -179.61025479526148, -9.886735420824522, 179.61025479526148]"
0,648,"[6.0624606465370166, -180.79325484023988, -6.06246064653701, 180.79325484023988]"
0,649,"[6.2154061671745024, -185.3543596624347, -6.215406167174496, 185.3543596624347]"
0,650,"[6.207778721767546, -185.12689580548948, -6.207778721767539, 185.12689580548948]"
0,651,"[6.330580323792493, -188.7890558794469, -6.3305803237924865, 188.7890558794469]"
0,652,"[6.428273249246849, -191.70243099188525, -6.428273249246843, 191.70243099188525]"
0,653,"[6.444471975051471, -192.1855055276606, -6.4444719750514645, 192.1855055276606]"
0,654,"[6.578548810898201, -196.18391293427317, -6.5785488108981935, 196.18391293427317]"
0,655,"[10.095229522897817, -194.5261553260034, -10.095229522897831, 194.5261553260034]"
0,656,"[10.128742160626048, -195.1719142517732, -10.128742160626064, 195.1719142517732]"
0,657,"[10.03753773375156, -193.414485510964, -10.037537733751574, 193.414485510964]"
0,658,"[10.093217338310271, -194.48738230645654, -10.093217338310286, 194.48738230645654]"
0,659,"[10.209009573080602, -196.71859638587776, -10.209009573080618, 196.71859638587776]"
0,660,"[10.290741198515866, -198.29349261071394, -10.29074119851588, 198.29349261071394]"
0,661,"[9.181506454790046, -198.63554655225468, -9.181506454790059, 198.63554655225468]"
0,662,"[9.226036181734427, -199.5989164189507, -9.22603618173444, 199.5989164189507]"
0,663,"[9.284921772030124, -200.87286546751187, -9.284921772030136, 200.87286546751187]"
0,664,"[10.546494087937495, -203.26089691586716, -10.546494087937502, 203.26089691586716]"
0,665,"[10.602096632569996, -204.3325158821863, -10.602096632570003, 204.3325158821863]"
0,666,"[10.690096416181076, -206.0285216634486, -10.690096416181083, 206.0285216634486]"
0,667,"[10.675110167106741, -205.7396940774418, -10.675110167106748, 205.7396940774418]"
0,668,"[10.781453692687101, -207.78923586928542, -10.781453692687109, 207.78923586928542]"
0,669,"[10.80840835045842, -208.30872868547394, -10.808408350458427, 208.30872868547394]"
0,670,"[11.622974572353884, -211.11367955417063, -11.62297457235388, 211.11367955417063]"
0,671,"[11.733223804995397, -213.11618941307844, -11.733223804995394, 213.11618941307844]"
0,672,"[11.80549065399025, -214.42880696258058, -11.805490653990246, 214.42880696258058]"
0,673,"[11.960412307134717, -217.24272348922753, -11.960412307134714, 217.24272348922753]"
0,674,"[12.07125634150879, -219.25603701819279, -12.071256341508786, 219.25603701819279]"
0,675,"[12.172327107755434, -221.0918339757497, -12.17232710775543, 221.0918339757497]"
0,676,"[7.42701093187343, -221.685101871605, -7.427010931873422, 221.685101871605]"
0,677,"[7.436288862831916, -221.96203415143555, -7.436288862831908, 221.96203415143555]"
0,678,"[7.5011509669104655, -223.898070368718, -7.501150966910458, 223.898070368718]"
0,679,"[7.534053213353319, -224.88015292136194, -7.534053213353311, 224.88015292136194]"
0,680,"[7.564270098139916, -225.7820814688765, -7.564270098139908, 225.7820814688765]"
0,681,"[7.4970095365992595, -223.77445490499306, -7.4970095365992515, 223.77445490499306]"
0,682,"[7.544942102765946, -225.2051698872516, -7.544942102765938, 225.2051698872516]"
0,683,"[7.631307182837586, -227.78303758523293, -7.631307182837578, 227.78303758523293]"
0,684,"[7.7001061239558, -229.83658246490944, -7.700106123955792, 229.83658246490944]"
0,685,"[7.667232717107068, -228.8553607307589, -7.66723271710706, 228.8553607307589]"
0,686,"[11.669382941048223, -224.81526456228002, -11.669382941048214, 224.81526456228002]"
0,687,"[11.757363884379505, -226.51025213372088, -11.757363884379496, 226.51025213372088]"
0,688,"[11.742852980028573, -226.23069383855025, -11.742852980028564, 226.23069383855025]"
0,689,"[22.22488521633226, -225.20231165669404, -22.22488521633227, 225.20231165669404]"
0,690,"[22.36479825932261, -226.6200350962371, -22.36479825932262, 226.6200350962371]"
0,691,"[22.338393514520906, -226.35247872822137, -22.338393514520916, 226.35247872822137]"
0,692,"[22.78460356139817, -230.87387593963905, -22.784603561398185, 230.87387593963905]"
0,693,"[22.19096585152136, -224.85861047259394, -22.19096585152137, 224.85861047259394]"
0,694,"[22.127653885295846, -224.2170772988236, -22.12765388529586, 224.2170772988236]"
0,695,"[13.841043185515806, -227.96955067161866, -13.841043185515796, 227.96955067161866]"
0,696,"[13.954805664521581, -229.8432809154037, -13.95480566452157, 229.8432809154037]"
0,697,"[13.871857094100582, -228.47707259755694, -13.871857094100571, 228.47707259755694]"
0,698,"[13.54274087690633, -223.056348512899, -13.54274087690632, 223.056348512899]"
0,699,"[13.68927027105746, -225.4697677687376, -13.689270271057449, 225.4697677687376]"
0,700,"[13.182348521174315, -217.12048932219218, -13.182348521174305, 217.12048932219218]"
0,701,"[14.618642273464037, -217.40646108134246, -14.618642273464037, 217.40646108134246]"
0,702,"[14.732212920043969, -219.09546830197078, -14.732212920043969, 219.09546830197078]"
0,703,"[14.598627570761058, -217.10880514292828, -14.598627570761058, 217.10880514292828]"
0,704,"[14.54887892031228, -216.36894997475886, -14.54887892031228, 216.36894997475886]"
0,705,"[13.50778405970733, -216.8169163712096, -13.507784059707314, 216.8169163712096]"
0,706,"[13.819319467111933, -221.81745132759818, -13.819319467111917, 221.81745132759818]"
0,707,"[13.91944395469763, -223.42457523153544, -13.919443954697613, 223.42457523153544]"
0,708,"[9.918522071517296, -225.17298206812188, -9.918522071517293, 225.17298206812188]"
0,709,"[9.81700720038791, -222.86836389097357, -9.817007200387906, 222.86836389097357]"
0,710,"[9.811311724313072, -222.7390636461567, -9.811311724313068, 222.7390636461567]"
0,711,"[22.48187974740259, -225.93381460275256, -22.481879747402616, 225.93381460275256]"
0,712,"[22.320443792235373, -224.31144843165058, -22.320443792235398, 224.31144843165058]"
0,713,"[22.406058442958255, -225.1718411052631, -22.40605844295828, 225.1718411052631]"
0,714,"[22.400526947422822, -225.11625180842407, -22.400526947422847, 225.11625180842407]"
0,715,"[22.684393145467833, -227.96899249032808, -22.68439314546786, 227.96899249032808]"
0,716,"[22.33104311191082, -224.41796731500793, -22.331043111910844, 224.41796731500793]"
0,717,"[22.212303912487226, -223.22468630069469, -22.21230391248725, 223.22468630069469]"
0,718,"[22.235942509855374, -223.46224466037148, -22.2359425098554, 223.46224466037148]"
0,719,"[22.390440566277988, -225.01488775020496, -22.390440566278013, 225.01488775020496]"
0,720,"[10.951325454886506, -228.98068631873693, -10.9513254548865, 228.98068631873693]"
0,721,"[11.036568600455455, -230.76303075336756, -11.03656860045545, 230.76303075336756]"
0,722,"[10.95967719213438, -229.1553123523481, -10.959677192134375, 229.1553123523481]"
0,723,"[10.897764934532246, -231.94369401670727, -10.89776493453223, 231.94369401670727]"
0,724,"[10.977819719238765, -233.64754821067177, -10.977819719238749, 233.64754821067177]"
0,725,"[10.788900088360174, -229.62665793440948, -10.788900088360158, 229.62665793440948]"
0,726,"[12.622791994599448, -229.10688440194895, -12.622791994599439, 229.10688440194895]"
0,727,"[12.719638701293869, -230.86467675445235, -12.719638701293858, 230.86467675445235]"
0,728,"[12.698062661693191, -230.473066149385, -12.698062661693182, 230.473066149385]"
0,729,"[12.704309740687364, -230.5864522216248, -12.704309740687354, 230.5864522216248]"
0,730,"[28.681922183418788, -230.19411005396583, -28.681922183418763, 230.19411005396583]"
0,731,"[28.443211896337584, -228.27827952684896, -28.443211896337562, 228.27827952684896]"
0,732,"[28.65207525035754, -229.95456585082852, -28.65207525035752, 229.95456585082852]"
0,733,"[11.171873678350266, -233.20114450536258, -11.171873678350272, 233.20114450536258]"
0,734,"[10.64599364676947, -222.22395045824305, -10.645993646769476, 222.22395045824305]"
0,735,"[10.31920840200483, -215.40265124911764, -10.319208402004833, 215.40265124911764]"
0,736,"[10.215895612556777, -213.24610513742863, -10.215895612556782, 213.24610513742863]"
0,737,"[10.050671762932764, -209.79723058502756, -10.050671762932769, 209.79723058502756]"
0,738,"[10.000051896330856, -208.74059396648522, -10.00005189633086, 208.74059396648522]"
0,739,"[8.892042425388254, -207.4855135748866, -8.892042425388272, 207.4855135748866]"
0,740,"[8.777825357939541, -204.8203905620959, -8.77782535793956, 204.8203905620959]"
0,741,"[8.7974648427784, -205.27865519953195, -8.797464842778417, 205.27865519953195]"
0,742,"[11.076897627933835, -201.15837313547559, -11.076897627933832, 201.15837313547559]"
0,743,"[11.177664746424671, -202.9883214027638, -11.177664746424668, 202.9883214027638]"
0,744,"[11.163101443909826, -202.7238493150216, -11.16310144390982, 202.7238493150216]"
0,745,"[6.8992268870150095, -205.99309705213062, -6.899226887014996, 205.99309705213062]"
0,746,"[6.955478930543495, -207.67263779658023, -6.955478930543482, 207.67263779658023]"
0,747,"[6.886402762326062, -205.6102018082257, -6.886402762326049, 205.6102018082257]"
0,748,"[6.880032526507217, -205.42000301830825, -6.880032526507204, 205.42000301830825]"
0,749,"[6.900947147065403, -206.04445957452896, -6.90094714706539, 206.04445957452896]"
0,750,"[7.006336940966928, -209.19112664302622, -7.006336940966915, 209.19112664302622]"
0,751,"[6.982267466613892, -208.47247430014843, -6.982267466613879, 208.47247430014843]"
0,752,"[7.032342365583496, -209.96758146102977, -7.0323423655834825, 209.96758146102977]"
0,753,"[6.850664485878291, -204.54314917039503, -6.850664485878278, 204.54314917039503]"
0,754,"[6.642019729216147, -198.3135555778993, -6.642019729216135, 198.3135555778993]"
0,755,"[6.5497749834060155, -195.55936569729417, -6.549774983406004, 195.55936569729417]"
0,756,"[6.511537400215983, -194.4176902147951, -6.51153740021597, 194.4176902147951]"
0,757,"[6.369191800500294, -190.16761822595174, -6.369191800500283, 190.16761822595174]"
0,758,"[10.206776402555098, -191.60349740979854, -10.206776402555096, 191.60349740979854]"
0,759,"[9.908569291382621, -186.00549827671125, -9.90856929138262, 186.00549827671125]"
0,760,"[9.705353026953444, -182.19068491551747, -9.705353026953443, 182.19068491551747]"
0,761,"[8.75113378828577, -182.40360204032564, -8.751133788285777, 182.40360204032564]"
0,762,"[8.639970044285283, -180.08656886353663, -8.63997004428529, 180.08656886353663]"
0,763,"[8.485602808465478, -176.86902693905688, -8.485602808465485, 176.86902693905688]"
0,764,"[8.503625157938123, -179.87507627983308, -8.503625157938105, 179.87507627983308]"
0,765,"[8.506666468938295, -179.9394083779661, -8.50666646893828, 179.9394083779661]"
0,766,"[8.386836069777699, -177.404665631276, -8.386836069777683, 177.404665631276]"
0,767,"[9.425871174778859, -176.94419981314826, -9.425871174778857, 176.94419981314826]"
0,768,"[9.421601055231664, -176.86404033797882, -9.421601055231662, 176.86404033797882]"
0,769,"[9.425621988864817, -176.9395220490088, -9.425621988864815, 176.9395220490088]"
0,770,"[8.390946295740251, -177.49160822279552, -8.390946295740235, 177.49160822279552]"
0,771,"[8.4568377823841, -178.88539451583196, -8.456837782384085, 178.88539451583196]"
0,772,"[8.669329221865198, -183.38017329259793, -8.66932922186518, 183.38017329259793]"
0,773,"[6.022196208492766, -179.9147822509366, -6.0221962084927805, 179.9147822509366]"
0,774,"[5.952493035887264, -177.83238063409243, -5.952493035887279, 177.83238063409243]"
0,775,"[5.975442921179281, -178.5180148233562, -5.9754429211792965, 178.5180148233562]"
0,776,"[5.891059939177002, -175.9970498286895, -5.891059939177017, 175.9970498286895]"
0,777,"[5.943314169997859, -177.5581594694824, -5.9433141699978735, 177.5581594694824]"
0,778,"[5.716308031632959, -170.77628811564804, -5.716308031632973, 170.77628811564804]"
0,779,"[5.623882289510363, -168.01504343137202, -5.6238822895103775, 168.01504343137202]"
0,780,"[5.674777688651182, -169.53555759879177, -5.674777688651196, 169.53555759879177]"
0,781,"[5.688131817378179, -169.93451589886848, -5.688131817378193, 169.93451589886848]"
0,782,"[5.596166287095126, -167.18702017095887, -5.59616628709514, 167.18702017095887]"
0,783,"[5.645697507141918, -168.66677910952924, -5.645697507141932, 168.66677910952924]"
0,784,"[5.563631830767174, -166.21504426329227, -5.5636318307671875, 166.21504426329227]"
0,785,"[5.529203582580091, -165.18649079850726, -5.529203582580105, 165.18649079850726]"
0,786,"[5.605013074953069, -167.45132041226245, -5.605013074953083, 167.45132041226245]"
0,787,"[5.691446848124876, -170.0335533619963, -5.691446848124889, 170.0335533619963]"
0,788,"[5.727360545260251, -171.1064850261664, -5.727360545260265, 171.1064850261664]"
0,789,"[5.735929819487027, -171.36249447075824, -5.735929819487041, 171.36249447075824]"
0,790,"[5.756508987545017, -171.97730282503224, -5.756508987545032, 171.97730282503224]"
0,791,"[5.812294814344477, -173.6439198753301, -5.812294814344491, 173.6439198753301]"
0,792,"[5.785673806448913, -172.84860987993733, -5.785673806448927, 172.84860987993733]"
0,793,"[5.732195303025382, -171.2509247555334, -5.732195303025396, 171.2509247555334]"
0,794,"[5.766786847672873, -172.28435674737057, -5.766786847672887, 172.28435674737057]"
0,795,"[5.759174070141652, -172.05692290688512, -5.7591740701416665, 172.05692290688512]"
0,796,"[5.808721626010694, -173.5371698826767, -5.808721626010709, 173.5371698826767]"
0,797,"[5.837215762637355, -174.388440118506, -5.837215762637369, 174.388440118506]"
0,798,"[5.883936659963538, -175.784239886231, -5.8839366599635525, 175.784239886231]"
0,799,"[5.977980409324177, -178.5938229855694, -5.977980409324192, 178.5938229855694]"
0,800,"[6.024105984194005, -179.9718373297718, -6.024105984194019, 179.9718373297718]"
0,801,"[8.083644961308961, -176.83935127675034, -8.083644961308966, 176.83935127675034]"
0,802,"[8.183298138910416, -179.0193831020044, -8.183298138910422, 179.0193831020044]"
0,803,"[8.152756441942055, -178.35124714296276, -8.15275644194206, 178.35124714296276]"
0,804,"[8.092767682429685, -177.0389216552849, -8.092767682429688, 177.0389216552849]"
0,805,"[18.160716593227626, -177.53350674569748, -18.160716593227612, 177.53350674569748]"
0,806,"[18.10820062649394, -177.02012701827812, -18.108200626493925, 177.02012701827812]"
0,807,"[18.203244923829697, -177.94925045432635, -18.203244923829683, 177.94925045432635]"
0,808,"[6.027470107387271, -180.12621492443, -6.027470107387282, 180.12621492443]"
0,809,"[6.061020376486211, -181.1288383924554, -6.061020376486223, 181.1288383924554]"
0,810,"[6.09550821625616, -182.15948042435326, -6.095508216256172, 182.15948042435326]"
0,811,"[6.103730411743908, -182.40519428525843, -6.1037304117439195, 182.40519428525843]"
0,812,"[6.152037202073752, -183.84880481210263, -6.152037202073764, 183.84880481210263]"
0,813,"[6.193802357544721, -185.09692371384477, -6.193802357544732, 185.09692371384477]"
0,814,"[6.141641738949546, -183.53814455305715, -6.1416417389495574, 183.53814455305715]"
0,815,"[6.156881066019718, -183.9935598855664, -6.1568810660197295, 183.9935598855664]"
0,816,"[6.1819169015828415, -184.74173618791406, -6.181916901582853, 184.74173618791406]"
0,817,"[6.215206047417946, -185.7365561920806, -6.215206047417958, 185.7365561920806]"
0,818,"[6.307266356034644, -188.48770628332323, -6.307266356034656, 188.48770628332323]"
0,819,"[6.327925510421185, -189.10508890271214, -6.327925510421196, 189.10508890271214]"
0,820,"[6.384187496816592, -190.78643422222086, -6.384187496816604, 190.78643422222086]"
0,821,"[6.427558683727157, -192.08254811342132, -6.427558683727169, 192.08254811342132]"
0,822,"[6.382942277422936, -190.7492218176575, -6.3829422774229485, 190.7492218176575]"
0,823,"[6.393247579721048, -191.05718769115654, -6.39324757972106, 191.05718769115654]"
0,824,"[6.431848366397111, -192.21074191426968, -6.431848366397124, 192.21074191426968]"
0,825,"[6.413468308625718, -191.6614683090143, -6.413468308625729, 191.6614683090143]"
0,826,"[19.897159029097665, -192.9454477688141, -19.89715902909766, 192.9454477688141]"
0,827,"[19.852666897729133, -192.5140015409111, -19.85266689772913, 192.5140015409111]"
0,828,"[19.699751156733285, -191.03115687579097, -19.69975115673328, 191.03115687579097]"
0,829,"[19.775766890387356, -191.76829174745333, -19.77576689038735, 191.76829174745333]"
0,830,"[19.651136042097743, -193.0376793522549, -19.651136042097725, 193.0376793522549]"
0,831,"[19.79104933459275, -194.41208016225949, -19.79104933459273, 194.41208016225949]"
0,832,"[19.516283720051607, -191.71299363193407, -19.516283720051586, 191.71299363193407]"
0,833,"[6.065334845316131, -193.84132131590277, -6.065334845316147, 193.84132131590277]"
0,834,"[6.099782676197908, -194.9422354822075, -6.099782676197924, 194.9422354822075]"
0,835,"[5.977684201479904, -191.04010472214384, -5.97768420147992, 191.04010472214384]"
0,836,"[5.306211873455853, -192.27493396060999, -5.306211873455855, 192.27493396060999]"
0,837,"[5.294465409424572, -191.8492912140051, -5.294465409424575, 191.8492912140051]"
0,838,"[5.301288056336162, -192.09651541380097, -5.301288056336165, 192.09651541380097]"
0,839,"[4.699122473191001, -191.0604025426081, -4.699122473190988, 191.0604025426081]"
0,840,"[4.726579684269887, -192.1767781704744, -4.726579684269874, 192.1767781704744]"
0,841,"[4.7224970788924, -192.01078457671397, -4.722497078892387, 192.01078457671397]"
0,842,"[6.532179363485166, -192.3319440903004, -6.532179363485158, 192.3319440903004]"
0,843,"[6.560301722392092, -193.1599721740376, -6.560301722392084, 193.1599721740376]"
0,844,"[6.657499390672729, -196.02183732825546, -6.657499390672721, 196.02183732825546]"
0,845,"[6.577667451469261, -193.6712845933854, -6.577667451469253, 193.6712845933854]"
0,846,"[6.617391687608447, -194.8409156061008, -6.617391687608439, 194.8409156061008]"
0,847,"[6.58747702869178, -193.96011546481822, -6.587477028691771, 193.96011546481822]"
0,848,"[5.3729141011214265, -194.69194382099292, -5.37291410112143, 194.69194382099292]"
0,849,"[5.413220568247313, -196.15248167542424, -5.413220568247316, 196.15248167542424]"
0,850,"[5.432144274882219, -196.83819768720252, -5.432144274882223, 196.83819768720252]"
0,851,"[5.078377751233943, -199.73579313502438, -5.078377751233941, 199.73579313502438]"
0,852,"[5.103095507539885, -200.70795804715326, -5.103095507539884, 200.70795804715326]"
0,853,"[5.090944953515053, -200.23006911016148, -5.09094495351505, 200.23006911016148]"
0,854,"[5.102568832159828, -200.68724357298186, -5.102568832159825, 200.68724357298186]"
0,855,"[6.117375448084719, -201.4326683324184, -6.117375448084704, 201.4326683324184]"
0,856,"[6.068980786486411, -199.8391310546233, -6.068980786486396, 199.8391310546233]"
0,857,"[6.0788530384279325, -200.16420413014512, -6.078853038427917, 200.16420413014512]"
0,858,"[6.111599011260053, -201.24246207600655, -6.111599011260038, 201.24246207600655]"
0,859,"[6.150281333770757, -202.5161918816646, -6.150281333770742, 202.5161918816646]"
0,860,"[6.099604385812825, -200.84750357950955, -6.099604385812809, 200.84750357950955]"
0,861,"[4.783354240530373, -202.21828307500297, -4.78335424053039, 202.21828307500297]"
0,862,"[4.85436352240462, -205.2202298974501, -4.854363522404638, 205.2202298974501]"
0,863,"[4.879930673553502, -206.30109180908488, -4.8799306735535195, 206.30109180908488]"
0,864,"[4.836771542173426, -204.47652164182927, -4.836771542173444, 204.47652164182927]"
0,865,"[4.854008662364624, -205.20522804218047, -4.854008662364643, 205.20522804218047]"
0,866,"[4.8879816561899885, -206.6414504369327, -4.887981656190006, 206.6414504369327]"
0,867,"[4.912812273438577, -207.69117507266145, -4.912812273438596, 207.69117507266145]"
0,868,"[4.8788875620328955, -206.25699383721286, -4.878887562032913, 206.25699383721286]"
0,869,"[4.904017419831335, -207.31936899121274, -4.904017419831352, 207.31936899121274]"
0,870,"[6.989436261576755, -208.74891293242717, -6.989436261576773, 208.74891293242717]"
0,871,"[7.01277278577825, -209.44588960928212, -7.012772785778267, 209.44588960928212]"
0,872,"[7.047844052704836, -210.4933401578098, -7.047844052704853, 210.4933401578098]"
0,873,"[2.509432041724272, -211.39967847953287, -2.509432041724262, 211.39967847953287]"
0,874,"[2.5052248076336645, -211.04525249020367, -2.5052248076336547, 211.04525249020367]"
0,875,"[2.511315524317923, -211.5583468985613, -2.5113155243179133, 211.5583468985613]"
0,876,"[2.5056937671317554, -211.08475859575583, -2.5056937671317456, 211.08475859575583]"
0,877,"[2.514289240441595, -211.8088588159917, -2.514289240441585, 211.8088588159917]"
0,878,"[2.4820964181526426, -209.09686974114229, -2.482096418152633, 209.09686974114229]"
0,879,"[2.4943046009647545, -210.12531198559793, -2.4943046009647447, 210.12531198559793]"
0,880,"[2.5101405747036036, -211.45936674426068, -2.510140574703594, 211.45936674426068]"
0,881,"[2.5171271568164397, -212.0479306853306, -2.51712715681643, 212.0479306853306]"
0,882,"[2.5280571315919986, -212.96869407518312, -2.528057131591989, 212.96869407518312]"
0,883,"[2.5336180058775186, -213.4371534781388, -2.533618005877509, 213.4371534781388]"
0,884,"[2.57294538128062, -216.750171873308, -2.5729453812806096, 216.750171873308]"
0,885,"[2.5809122400517017, -217.4213163214124, -2.5809122400516915, 217.4213163214124]"
0,886,"[2.586150252779263, -217.86257720756785, -2.5861502527792526, 217.86257720756785]"
0,887,"[2.588058483412028, -218.0233304519371, -2.5880584834120177, 218.0233304519371]"
0,888,"[2.598500848240542, -218.90301658434058, -2.5985008482405316, 218.90301658434058]"
0,889,"[2.587017984127633, -217.93567666792464, -2.587017984127623, 217.93567666792464]"
0,890,"[2.594824963592727, -218.59335255688123, -2.5948249635927167, 218.59335255688123]"
0,891,"[2.5924955350980583, -218.3971167447029, -2.5924955350980476, 218.3971167447029]"
0,892,"[2.598247787552964, -218.88169823536748, -2.5982477875529537, 218.88169823536748]"
0,893,"[2.6120285464778368, -220.0426175021512, -2.6120285464778266, 220.0426175021512]"
0,894,"[2.6219757120994522, -220.8805870423613, -2.621975712099442, 220.8805870423613]"
0,895,"[6.668927458789448, -219.52179782940362, -6.668927458789446, 219.52179782940362]"
0,896,"[6.693947884234398, -220.34539784755842, -6.6939478842343965, 220.34539784755842]"
0,897,"[6.716130042570814, -221.07557032399293, -6.7161300425708115, 221.07557032399293]"
0,898,"[5.234312594488982, -222.22271356373514, -5.234312594488993, 222.22271356373514]"
0,899,"[5.250648242127721, -222.91624339799145, -5.250648242127732, 222.91624339799145]"
0,900,"[5.257727314350639, -223.21678537184044, -5.2577273143506496, 223.21678537184044]"
0,901,"[4.677157757256637, -222.79518101650226, -4.6771577572566265, 222.79518101650226]"
0,902,"[4.629223797790529, -220.5118594502113, -4.629223797790519, 220.5118594502113]"
0,903,"[4.5962203660221395, -218.93974964835652, -4.596220366022129, 218.93974964835652]"
0,904,"[4.599200449929928, -219.08170516239707, -4.599200449929917, 219.08170516239707]"
0,905,"[7.357472152004172, -219.67511721039688, -7.357472152004158, 219.67511721039688]"
0,906,"[7.382683364186191, -220.42785889622064, -7.382683364186176, 220.42785889622064]"
0,907,"[7.448077071039222, -222.38034609847924, -7.448077071039209, 222.38034609847924]"
0,908,"[2.6540352776151535, -223.76988515469895, -2.654035277615145, 223.76988515469895]"
0,909,"[2.629834279760324, -221.7294245186706, -2.6298342797603156, 221.7294245186706]"
0,910,"[2.623371382248466, -221.1845177323167, -2.6233713822484575, 221.1845177323167]"
0,911,"[2.6320222754822926, -221.9139011741067, -2.632022275482284, 221.9139011741067]"
0,912,"[2.623153525493752, -221.16614955861772, -2.6231535254937435, 221.16614955861772]"
0,913,"[2.637802987927417, -222.4012908372615, -2.6378029879274085, 222.4012908372615]"
0,914,"[2.6113241715064888, -220.16878030527351, -2.6113241715064803, 220.16878030527351]"
0,915,"[2.5993307215118877, -219.1575756123532, -2.5993307215118793, 219.1575756123532]"
0,916,"[2.597574088937803, -219.00946851194004, -2.5975740889377947, 219.00946851194004]"
0,917,"[2.6089901163591924, -219.97198893001928, -2.608990116359184, 219.97198893001928]"
0,918,"[2.6132640630396096, -220.33233853271693, -2.613264063039601, 220.33233853271693]"
0,919,"[2.6168343634730324, -220.63336155403587, -2.616834363473024, 220.63336155403587]"
0,920,"[2.600056260448569, -219.21874803379978, -2.6000562604485604, 219.21874803379978]"
0,921,"[2.6065678600473263, -219.7677610430378, -2.606567860047318, 219.7677610430378]"
0,922,"[2.6030174367191163, -219.46841392165442, -2.603017436719108, 219.46841392165442]"
0,923,"[2.61092328686425, -220.13498048689482, -2.6109232868642414, 220.13498048689482]"
0,924,"[2.6251717972785307, -221.33631626638532, -2.6251717972785222, 221.33631626638532]"
0,925,"[2.6407060778297633, -222.6460592845843, -2.640706077829755, 222.6460592845843]"
0,926,"[2.6364691631419364, -222.28883196319117, -2.636469163141928, 222.28883196319117]"
0,927,"[2.6481572901343218, -223.27429393380592, -2.6481572901343133, 223.27429393380592]"
0,928,"[2.6557024938225537, -223.91045328595348, -2.655702493822545, 223.91045328595348]"
0,929,"[2.657247774815059, -224.04074068384196, -2.6572477748150507, 224.04074068384196]"
0,930,"[2.664058628297853, -224.61498470934706, -2.6640586282978447, 224.61498470934706]"
0,931,"[2.658239428144735, -224.12435002904036, -2.6582394281447264, 224.12435002904036]"
0,932,"[2.642557997743222, -222.8022003539384, -2.6425579977432134, 222.8022003539384]"
0,933,"[2.651547268585129, -223.56011345361864, -2.6515472685851202, 223.56011345361864]"
0,934,"[2.657495965830386, -224.0616664324424, -2.6574959658303774, 224.0616664324424]"
0,935,"[2.667587301067961, -224.9124979742141, -2.667587301067952, 224.9124979742141]"
0,936,"[2.673539954573149, -225.41438451749266, -2.6735399545731404, 225.41438451749266]"
0,937,"[2.676021467810687, -225.62360853831, -2.676021467810678, 225.62360853831]"
0,938,"[2.6833848554040167, -226.2444384157446, -2.683384855404008, 226.2444384157446]"
0,939,"[2.6740462352166174, -225.45707059721454, -2.6740462352166086, 225.45707059721454]"
0,940,"[2.707815698014253, -228.3042779707175, -2.7078156980142443, 228.3042779707175]"
0,941,"[2.7093429350250346, -228.43304402495536, -2.709342935025026, 228.43304402495536]"
0,942,"[2.719249962628838, -229.26833602270136, -2.7192499626288296, 229.26833602270136]"
0,943,"[2.7366356746160063, -230.7341789252106, -2.736635674615998, 230.7341789252106]"
0,944,"[2.7421563876130843, -231.1996472344481, -2.7421563876130755, 231.1996472344481]"
0,945,"[2.7522260529039264, -232.04865171629612, -2.7522260529039175, 232.04865171629612]"
0,946,"[2.7578296102662776, -232.52110488902025, -2.7578296102662687, 232.52110488902025]"
0,947,"[2.732062784953603, -230.34862451935487, -2.732062784953594, 230.34862451935487]"
0,948,"[2.7387429533085963, -230.91185007939868, -2.7387429533085874, 230.91185007939868]"
0,949,"[2.744585982345544, -231.40449384626234, -2.744585982345535, 231.40449384626234]"
0,950,"[2.7469548011707703, -231.6042162542288, -2.7469548011707614, 231.6042162542288]"
0,951,"[2.727423348761454, -229.9574593707014, -2.727423348761445, 229.9574593707014]"
0,952,"[2.744637640435191, -231.40884929883873, -2.7446376404351827, 231.40884929883873]"
0,953,"[2.776685344820261, -234.11088991985216, -2.776685344820252, 234.11088991985216]"
0,954,"[2.782720965924477, -234.61977171683466, -2.7827209659244683, 234.61977171683466]"
0,955,"[2.7822336288389953, -234.57868282680755, -2.782233628838986, 234.57868282680755]"
0,956,"[2.7780145693177345, -234.2229609294778, -2.778014569317725, 234.2229609294778]"
0,957,"[2.8064721786819926, -236.62230958656855, -2.8064721786819837, 236.62230958656855]"
0,958,"[2.744086478240412, -231.36237911735034, -2.744086478240403, 231.36237911735034]"
0,959,"[2.7409424333372687, -231.09729501208938, -2.74094243333726, 231.09729501208938]"
0,960,"[2.744660330287018, -231.41076235010078, -2.744660330287009, 231.41076235010078]"
0,961,"[7.042280149644303, -231.7351373266446, -7.042280149644299, 231.7351373266446]"
0,962,"[7.049631572179986, -231.9770451852717, -7.049631572179981, 231.9770451852717]"
0,963,"[7.0954403826577925, -233.48444204556006, -7.095440382657788, 233.48444204556006]"
0,964,"[5.4534353460314025, -232.51324904647345, -5.453435346031386, 232.51324904647345]"
0,965,"[5.460371196752114, -232.80896671499727, -5.460371196752096, 232.80896671499727]"
0,966,"[5.475201201773572, -233.4412603853393, -5.475201201773555, 233.4412603853393]"
0,967,"[5.4800845436635255, -233.64946706919847, -5.480084543663509, 233.64946706919847]"
0,968,"[5.486436952528951, -233.92030904876765, -5.486436952528934, 233.92030904876765]"
0,969,"[5.479911900322131, -233.64210622934493, -5.479911900322114, 233.64210622934493]"
0,970,"[5.44378346326078, -232.1017303467888, -5.443783463260763, 232.1017303467888]"
0,971,"[5.449548682250416, -232.34753683640278, -5.449548682250399, 232.34753683640278]"
0,972,"[5.462925183086595, -232.91785874781158, -5.462925183086578, 232.91785874781158]"
0,973,"[5.462665291892459, -232.90677799923515, -5.462665291892442, 232.90677799923515]"
0,974,"[5.464294508448243, -232.97624144947324, -5.464294508448226, 232.97624144947324]"
0,975,"[5.467308262643778, -233.10473619367903, -5.46730826264376, 233.10473619367903]"
0,976,"[5.465791975690419, -233.040087621973, -5.4657919756904025, 233.040087621973]"
0,977,"[5.456155086570561, -232.62920819317597, -5.4561550865705435, 232.62920819317597]"
0,978,"[5.460050408300565, -232.7952895444812, -5.460050408300548, 232.7952895444812]"
0,979,"[5.4593697688154155, -232.76626972704878, -5.459369768815399, 232.76626972704878]"
0,980,"[5.463350930054809, -232.9360109408, -5.463350930054792, 232.9360109408]"
0,981,"[5.460912080682267, -232.8320278997326, -5.46091208068225, 232.8320278997326]"
0,982,"[5.5305978697038425, -235.80315860719847, -5.530597869703825, 235.80315860719847]"
0,983,"[5.449961576155633, -232.36514102483116, -5.449961576155616, 232.36514102483116]"
0,984,"[5.4513675866488205, -232.4250878376603, -5.451367586648804, 232.4250878376603]"
0,985,"[5.445711159293221, -232.1839197997183, -5.445711159293204, 232.1839197997183]"
0,986,"[5.444066512788335, -232.11379847653032, -5.444066512788318, 232.11379847653032]"
0,987,"[5.446636752538966, -232.2233834917231, -5.446636752538949, 232.2233834917231]"
0,988,"[5.437417275350576, -231.83030088240193, -5.437417275350559, 231.83030088240193]"
0,989,"[5.39289421985487, -229.932011156034, -5.3928942198548535, 229.932011156034]"
0,990,"[5.39485353226664, -230.01554860827304, -5.394853532266623, 230.01554860827304]"
0,991,"[5.399473272156518, -230.2125163292394, -5.399473272156502, 230.2125163292394]"
0,992,"[5.405666889602472, -230.4765880609704, -5.405666889602456, 230.4765880609704]"
0,993,"[5.384340938685397, -229.5673325509838, -5.38434093868538, 229.5673325509838]"
0,994,"[5.385479851057975, -229.61589133995344, -5.3854798510579585, 229.61589133995344]"
0,995,"[5.386886546678176, -229.67586736393073, -5.386886546678159, 229.67586736393073]"
0,996,"[5.387612760350775, -229.70683028726324, -5.387612760350758, 229.70683028726324]"
0,997,"[5.382615873706552, -229.49378249719257, -5.382615873706535, 229.49378249719257]"
0,998,"[5.382135359063485, -229.47329522379798, -5.382135359063468, 229.47329522379798]"
0,999,"[5.385951922450773, -229.63601862603213, -5.385951922450756, 229.63601862603213]"
